Rank,Ticker,Chart,hh,hl,trend_structure,trend_score,current_price,high_6m,low_6m,pct_from_6m_high,RVOL,Velocity %,momentum_score,sector,industry,market_cap,rev_growth_pct,earnings_growth_pct,profit_margin_pct,trailing_pe,forward_pe,analyst_rec,short_ratio,fund_score,rvol_score,composite
1,TWLO,https://www.tradingview.com/symbols/TWLO/,True,True,STRONG UPTREND,8,275.77,308.4,112.99,-10.6,3.25,117.3,2.3,Technology,Software - Infrastructure,42351435776,22.0,4671.5,20.6,38.1,40.6,1.63,3.1,9,8.1,6.8
2,ECO,https://www.tradingview.com/symbols/ECO/,True,True,STRONG UPTREND,10,94.44,94.98,42.72,-0.6,1.26,133.6,2.7,Industrials,Marine Shipping,3687377408,239.4,606.3,56.9,8.7,15.9,1.0,2.1,10,3.1,6.8
3,HPE,https://www.tradingview.com/symbols/HPE/,True,True,STRONG UPTREND,10,71.0,73.28,23.73,-3.1,1.01,178.7,3.6,Technology,Communication Equipment,94250000384,33.7,410.2,6.7,36.6,15.1,1.96,2.3,9,2.5,6.7
4,DELL,https://www.tradingview.com/symbols/DELL/,True,True,STRONG UPTREND,10,574.55,595.51,176.16,-3.5,0.65,215.7,4.3,Technology,Computer Hardware,365306183680,57.7,272.9,7.5,33.4,19.7,1.86,1.5,9,1.6,6.7
5,INSW,https://www.tradingview.com/symbols/INSW/,True,True,STRONG UPTREND,10,121.82,121.82,65.03,0.0,1.37,99.4,2.0,Energy,Oil & Gas Midstream,6033904640,140.1,373.1,61.8,7.8,12.7,1.33,4.4,10,3.4,6.7
6,PBT,https://www.tradingview.com/symbols/PBT/,True,True,STRONG UPTREND,8,34.85,36.98,20.67,-5.8,3.22,92.2,1.8,Energy,Oil & Gas Midstream,1624316416,34.4,61.5,91.6,99.6,,,3.8,9,8.1,6.7
7,HNGE,https://www.tradingview.com/symbols/HNGE/,True,True,STRONG UPTREND,10,98.0,100.36,34.64,-2.4,1.16,180.1,3.6,Healthcare,Health Information Services,7908052992,53.0,,15.1,32.3,32.1,1.53,2.6,8,2.9,6.6
8,FRO,https://www.tradingview.com/symbols/FRO/,True,True,STRONG UPTREND,10,56.26,56.55,30.1,-0.5,1.58,94.8,1.9,Energy,Oil & Gas Midstream,12524764160,96.5,750.1,54.8,8.4,10.7,2.0,3.9,9,4.0,6.6
9,MDT,https://www.tradingview.com/symbols/MDT/,True,True,STRONG UPTREND,8,87.75,94.63,72.06,-7.3,4.36,34.3,1.0,Healthcare,Medical Devices,112244350976,13.7,40.7,13.9,21.6,13.7,1.79,2.2,7,10.0,6.5
10,NAT,https://www.tradingview.com/symbols/NAT/,True,True,STRONG UPTREND,10,8.58,8.71,4.63,-1.5,1.49,98.0,2.0,Energy,Oil & Gas Midstream,1816820608,97.5,,33.3,14.5,18.9,3.0,3.9,8,3.7,6.3
11,CMBT,https://www.tradingview.com/symbols/CMBT/,True,True,STRONG UPTREND,10,20.81,20.89,11.64,-0.4,1.11,92.2,1.8,Energy,Oil & Gas Midstream,6038432768,81.5,3039.7,37.2,7.0,13.5,2.25,1.0,9,2.8,6.3
12,DHT,https://www.tradingview.com/symbols/DHT/,True,True,STRONG UPTREND,10,24.93,25.07,14.98,-0.6,1.34,73.6,1.5,Energy,Oil & Gas Midstream,4019602688,95.5,252.3,59.3,8.5,10.0,2.17,3.9,9,3.4,6.3
13,VEEV,https://www.tradingview.com/symbols/VEEV/,True,True,STRONG UPTREND,10,284.84,296.24,148.05,-3.8,0.67,138.5,2.8,Healthcare,Health Information Services,46118117376,17.6,39.5,29.3,46.7,27.8,1.96,2.9,9,1.7,6.3
14,ELF,https://www.tradingview.com/symbols/ELF/,True,True,STRONG UPTREND,10,105.96,110.04,48.82,-3.7,0.59,143.8,2.9,Consumer Defensive,Household & Personal Products,6252487168,35.5,93.1,3.4,108.1,27.4,1.72,2.6,9,1.5,6.3
15,MPC,https://www.tradingview.com/symbols/MPC/,True,True,STRONG UPTREND,10,463.34,467.85,209.27,-1.0,0.82,140.7,2.8,Energy,Oil & Gas Refining & Marketing,130117345280,53.7,348.0,5.5,16.0,9.0,2.37,3.1,8,2.0,6.2
16,ANET,https://www.tradingview.com/symbols/ANET/,True,True,STRONG UPTREND,10,210.97,217.32,135.13,-2.9,0.81,65.9,1.3,Technology,Computer Hardware,266080583680,37.7,35.7,38.4,66.6,40.6,1.28,2.6,10,2.0,6.2
17,DINO,https://www.tradingview.com/symbols/DINO/,True,True,STRONG UPTREND,10,120.72,120.83,54.71,-0.1,0.8,140.3,2.8,Energy,Oil & Gas Refining & Marketing,21462067200,53.2,350.2,6.1,11.5,9.0,2.56,4.1,8,2.0,6.2
18,HSHP,https://www.tradingview.com/symbols/HSHP/,True,True,STRONG UPTREND,10,18.65,19.55,12.26,-4.6,1.11,71.0,1.4,Industrials,Marine Shipping,879720512,79.6,2500.0,31.4,16.5,,,3.3,9,2.8,6.2
19,PBF,https://www.tradingview.com/symbols/PBF/,True,True,STRONG UPTREND,10,89.34,89.48,35.74,-0.2,0.87,177.4,3.5,Energy,Oil & Gas Refining & Marketing,10590082048,56.2,,3.9,7.9,5.1,3.36,3.6,7,2.2,6.2
20,WK,https://www.tradingview.com/symbols/WK/,True,True,STRONG UPTREND,8,73.69,80.56,43.34,-8.5,3.04,92.2,1.8,Technology,Software - Application,4009951232,18.6,,4.9,87.7,18.2,1.18,4.6,7,7.6,6.2
21,LTC,https://www.tradingview.com/symbols/LTC/,True,True,STRONG UPTREND,10,42.05,43.55,33.88,-3.4,1.24,31.6,1.0,Real Estate,REIT - Healthcare Facilities,2266728960,65.5,75.0,39.8,15.0,26.7,2.5,5.2,9,3.1,6.2
22,PARR,https://www.tradingview.com/symbols/PARR/,True,True,STRONG UPTREND,10,87.65,89.45,48.92,-2.0,0.77,84.4,1.7,Energy,Oil & Gas Refining & Marketing,4391232512,56.8,699.1,9.9,5.1,5.9,1.57,5.5,9,1.9,6.1
23,VLO,https://www.tradingview.com/symbols/VLO/,True,True,STRONG UPTREND,10,443.8,446.48,212.87,-0.6,0.77,128.6,2.6,Energy,Oil & Gas Refining & Marketing,127782199296,51.7,453.5,5.4,18.5,10.0,2.45,3.7,8,1.9,6.1
24,HAE,https://www.tradingview.com/symbols/HAE/,True,True,STRONG UPTREND,10,119.47,121.0,51.0,-1.3,1.36,150.1,3.0,Healthcare,Medical Devices,5435532800,5.6,2.9,7.1,57.7,20.7,1.73,4.7,6,3.4,6.1
25,IDT,https://www.tradingview.com/symbols/IDT/,True,True,STRONG UPTREND,10,80.65,82.31,48.73,-2.0,1.43,88.6,1.8,Communication Services,Telecom Services,2003240064,7.1,30.0,6.7,23.3,18.1,1.0,3.4,7,3.6,6.1
26,AMG,https://www.tradingview.com/symbols/AMG/,True,True,STRONG UPTREND,10,386.99,393.42,270.33,-1.6,1.11,54.6,1.1,Financial Services,Asset Management,10007534592,29.9,148.2,37.7,13.6,9.0,1.43,3.9,9,2.8,6.1
27,KNTK,https://www.tradingview.com/symbols/KNTK/,True,True,STRONG UPTREND,10,54.41,56.92,43.54,-4.4,1.14,35.5,1.0,Energy,Oil & Gas Midstream,9206165504,36.3,95.2,29.2,19.0,25.0,,5.8,9,2.8,6.1
28,CON,https://www.tradingview.com/symbols/CON/,True,True,STRONG UPTREND,10,36.61,36.94,21.41,-0.9,1.25,109.2,2.2,Healthcare,Medical Care Facilities,4668424192,10.0,47.0,8.7,23.6,19.9,1.22,4.5,7,3.1,6.1
29,AII,https://www.tradingview.com/symbols/AII/,True,True,STRONG UPTREND,10,26.97,27.0,16.19,-0.1,0.87,92.4,1.8,Financial Services,Insurance - Property & Casualty,528481664,54.6,7.4,26.2,6.1,8.3,2.0,1.1,8,2.2,6.0
30,EXPD,https://www.tradingview.com/symbols/EXPD/,True,True,STRONG UPTREND,10,193.71,195.32,135.43,-0.8,1.09,62.7,1.3,Industrials,Integrated Freight & Logistics,25180485632,32.1,51.5,7.6,28.2,24.0,3.17,5.8,8,2.7,6.0
31,OSCR,https://www.tradingview.com/symbols/OSCR/,True,True,STRONG UPTREND,10,33.1,34.48,14.03,-4.0,0.87,134.7,2.7,Healthcare,Healthcare Plans,10216148992,70.4,,3.6,25.7,15.3,2.82,3.7,7,2.2,6.0
32,PD,https://www.tradingview.com/symbols/PD/,True,True,STRONG UPTREND,10,15.8,15.87,5.7,-0.4,1.07,192.5,3.9,Technology,Software - Application,1242668032,0.8,-40.0,37.5,7.8,10.8,,5.2,5,2.7,6.0
33,EOG,https://www.tradingview.com/symbols/EOG/,True,True,STRONG UPTREND,10,148.51,154.16,123.39,-3.7,0.92,21.0,1.0,Energy,Oil & Gas E&P,77897826304,58.7,109.4,25.7,11.6,9.7,2.34,5.3,9,2.3,6.0
34,PSX,https://www.tradingview.com/symbols/PSX/,True,True,STRONG UPTREND,10,281.6,282.64,151.67,-0.4,0.7,117.9,2.4,Energy,Oil & Gas Refining & Marketing,112903299072,53.1,344.9,4.7,16.1,10.6,2.1,2.4,8,1.8,6.0
35,NMM,https://www.tradingview.com/symbols/NMM/,True,True,STRONG UPTREND,10,91.99,95.0,67.73,-3.2,0.71,63.5,1.3,Industrials,Marine Shipping,2660884736,25.2,146.1,30.3,6.0,4.9,1.0,2.4,9,1.8,6.0
36,VIA,https://www.tradingview.com/symbols/VIA/,True,True,STRONG UPTREND,10,30.93,31.7,12.95,-2.4,0.88,161.5,3.2,Technology,Software - Application,2633443840,26.7,,-20.0,,78.0,1.4,11.3,6,2.2,5.9
37,GEO,https://www.tradingview.com/symbols/GEO/,True,True,STRONG UPTREND,8,30.96,33.17,17.23,-6.7,1.78,117.3,2.3,Industrials,Security & Protection Services,4074942208,15.1,71.4,10.3,14.5,18.0,1.0,4.4,8,4.5,5.9
38,ANDG,https://www.tradingview.com/symbols/ANDG/,True,True,STRONG UPTREND,10,56.24,58.18,27.01,-3.3,0.62,124.9,2.5,Consumer Cyclical,Personal Services,1042712704,23.7,,4.7,18.3,24.6,1.75,3.5,7,1.6,5.8
39,ABBV,https://www.tradingview.com/symbols/ABBV/,True,True,STRONG UPTREND,10,272.42,274.94,189.4,-0.9,1.23,65.4,1.3,Healthcare,Drug Manufacturers - General,481398128640,10.2,290.4,9.8,77.0,16.8,1.7,4.4,7,3.1,5.8
40,LB,https://www.tradingview.com/symbols/LB/,True,True,STRONG UPTREND,10,87.46,91.57,59.51,-4.5,0.75,59.9,1.2,Energy,Oil & Gas E&P,6851214848,40.6,67.5,16.5,77.4,37.4,,13.4,8,1.9,5.8
41,GNK,https://www.tradingview.com/symbols/GNK/,True,True,STRONG UPTREND,10,27.81,28.42,21.58,-2.1,0.92,39.6,1.0,Industrials,Marine Shipping,1212143488,68.5,,9.1,30.2,16.1,1.83,2.0,8,2.3,5.8
42,RGA,https://www.tradingview.com/symbols/RGA/,True,True,STRONG UPTREND,10,255.93,258.53,194.33,-1.0,1.25,51.7,1.0,Financial Services,Insurance - Reinsurance,16712654848,18.5,159.6,5.8,11.3,8.6,2.1,3.1,7,3.1,5.8
43,HIPO,https://www.tradingview.com/symbols/HIPO/,True,True,STRONG UPTREND,10,34.21,34.88,24.08,-1.9,0.89,51.5,1.0,Financial Services,Insurance - Property & Casualty,902780672,23.4,660.0,23.9,7.3,9.7,2.0,5.0,8,2.2,5.8
44,BOW,https://www.tradingview.com/symbols/BOW/,True,True,STRONG UPTREND,10,34.1,35.07,23.23,-2.8,0.9,80.2,1.6,Financial Services,Insurance - Property & Casualty,1123381760,23.0,33.3,10.1,18.4,13.9,,1.6,7,2.2,5.8
45,TBBB,https://www.tradingview.com/symbols/TBBB/,True,True,STRONG UPTREND,10,53.07,54.74,32.51,-3.1,0.8,84.1,1.7,Consumer Defensive,Discount Stores,6398266368,38.7,,-3.7,,-2084.5,1.69,4.6,7,2.0,5.7
46,CRBG,https://www.tradingview.com/symbols/CRBG/,True,True,STRONG UPTREND,10,34.45,35.64,23.62,-3.3,0.96,70.3,1.4,Financial Services,Asset Management,15356729344,25.9,,4.6,21.7,6.0,1.64,3.7,7,2.4,5.7
47,GIC,https://www.tradingview.com/symbols/GIC/,True,True,STRONG UPTREND,10,42.56,44.36,27.55,-4.1,1.19,73.9,1.5,Industrials,Industrial Distribution,1621890944,7.7,48.4,6.1,19.3,19.3,3.0,5.4,6,3.0,5.7
48,NU,https://www.tradingview.com/symbols/NU/,True,True,STRONG UPTREND,8,15.38,16.22,11.2,-5.2,1.28,10.1,1.0,Financial Services,Banks - Regional,74295992320,52.1,66.3,42.7,21.1,13.6,1.68,1.9,10,3.2,5.7
49,TY,https://www.tradingview.com/symbols/TY/,True,True,STRONG UPTREND,10,34.47,36.24,31.49,-4.9,1.09,13.9,1.0,Financial Services,Asset Management,1841474432,2.7,99.5,481.2,5.4,,,28.9,7,2.7,5.7
50,KO,https://www.tradingview.com/symbols/KO/,True,True,STRONG UPTREND,10,87.77,91.94,73.63,-4.5,1.08,35.9,1.0,Consumer Defensive,Beverages - Non-Alcoholic,377634717696,6.7,16.9,28.6,26.4,24.9,1.75,2.8,7,2.7,5.7
51,GFL,https://www.tradingview.com/symbols/GFL/,True,True,STRONG UPTREND,10,42.33,44.53,33.32,-4.9,1.5,29.6,1.0,Industrials,Waste Management,15276488704,16.3,,-2.9,,43.5,1.86,7.6,6,3.8,5.7
52,ETJ,https://www.tradingview.com/symbols/ETJ/,True,True,STRONG UPTREND,10,8.13,8.46,7.84,-3.9,1.99,5.6,1.0,Financial Services,Asset Management,547163520,,,,28.0,,,1.7,5,5.0,5.7
53,DT,https://www.tradingview.com/symbols/DT/,True,True,STRONG UPTREND,10,61.12,61.58,31.64,-0.7,0.9,104.6,2.1,Technology,Software - Application,17738788864,16.2,-24.9,7.2,122.2,26.6,1.73,1.9,6,2.2,5.7
54,SNOW,https://www.tradingview.com/symbols/SNOW/,True,True,STRONG UPTREND,8,343.4,384.56,118.3,-10.7,0.69,206.6,4.1,Technology,Software - Application,121151520768,35.1,,-20.1,,114.3,1.48,3.5,7,1.7,5.6
55,ASIC,https://www.tradingview.com/symbols/ASIC/,True,True,STRONG UPTREND,8,26.93,29.0,18.68,-7.1,0.75,76.0,1.5,Financial Services,Insurance - Property & Casualty,1290672128,45.9,71.8,20.7,12.5,10.7,1.8,4.0,10,1.9,5.6
56,RSKD,https://www.tradingview.com/symbols/RSKD/,True,True,STRONG UPTREND,10,8.04,8.28,3.94,-2.9,1.15,106.7,2.1,Technology,Software - Application,1061583424,21.8,,-4.2,,20.7,2.33,0.5,5,2.9,5.6
57,A,https://www.tradingview.com/symbols/A/,True,True,STRONG UPTREND,10,168.17,176.79,107.98,-4.9,0.98,81.5,1.6,Healthcare,Diagnostics & Research,47418191872,8.1,8.5,19.5,33.2,24.9,1.82,2.1,6,2.5,5.6
58,DHR,https://www.tradingview.com/symbols/DHR/,True,True,STRONG UPTREND,10,217.46,227.98,160.31,-4.6,0.83,47.6,1.0,Healthcare,Diagnostics & Research,152871354368,5.5,59.7,15.9,38.8,23.4,1.44,2.6,7,2.1,5.6
59,BSAC,https://www.tradingview.com/symbols/BSAC/,True,True,STRONG UPTREND,8,31.94,36.4,29.16,-12.3,1.97,21.1,1.0,Financial Services,Banks - Regional,15047424000,20.2,40.0,47.2,12.3,10.5,3.09,2.6,8,4.9,5.6
60,CXW,https://www.tradingview.com/symbols/CXW/,True,True,STRONG UPTREND,8,32.71,36.55,19.31,-10.5,1.45,129.3,2.6,Industrials,Security & Protection Services,3234806016,27.3,5.7,5.1,26.2,13.5,1.0,8.5,7,3.6,5.6
61,ADX,https://www.tradingview.com/symbols/ADX/,True,True,STRONG UPTREND,10,25.8,26.56,22.28,-2.9,0.87,24.4,1.0,Financial Services,Asset Management,3223119872,9.4,54.2,1747.0,5.3,,,4.7,7,2.2,5.6
62,BFLY,https://www.tradingview.com/symbols/BFLY/,True,True,STRONG UPTREND,8,8.03,10.21,3.76,-21.4,1.1,161.8,3.2,Healthcare,Medical Devices,2138269952,39.5,,-66.7,,-141.7,1.17,8.3,7,2.8,5.6
63,SN,https://www.tradingview.com/symbols/SN/,True,True,STRONG UPTREND,10,184.87,194.54,100.1,-5.0,0.6,121.9,2.4,Consumer Cyclical,"Furnishings, Fixtures & Appliances",26162872320,22.2,-6.3,10.1,37.7,24.1,1.15,4.3,6,1.5,5.6
64,HCI,https://www.tradingview.com/symbols/HCI/,True,True,STRONG UPTREND,10,192.35,198.54,144.06,-3.1,0.94,49.8,1.0,Financial Services,Insurance - Property & Casualty,2392616192,11.1,8.2,32.6,8.3,9.9,1.6,4.0,7,2.3,5.6
65,MA,https://www.tradingview.com/symbols/MA/,True,True,STRONG UPTREND,10,574.76,601.23,463.74,-4.4,0.87,38.1,1.0,Financial Services,Credit Services,503495458816,14.1,22.1,46.3,31.6,25.0,1.43,2.7,7,2.2,5.6
66,FTK,https://www.tradingview.com/symbols/FTK/,True,True,STRONG UPTREND,8,27.22,39.67,15.02,-31.4,0.77,128.1,2.6,Energy,Oil & Gas Equipment & Services,985920000,70.3,420.0,13.0,28.1,31.1,1.0,5.7,9,1.9,5.6
67,HRTG,https://www.tradingview.com/symbols/HRTG/,True,True,STRONG UPTREND,10,35.23,36.5,20.48,-3.5,0.7,82.2,1.6,Financial Services,Insurance - Property & Casualty,1047473024,3.0,32.3,25.2,5.0,6.8,2.0,3.5,7,1.8,5.6
68,CLDT,https://www.tradingview.com/symbols/CLDT/,True,True,STRONG UPTREND,10,13.65,14.05,8.13,-2.8,0.8,95.7,1.9,Real Estate,REIT - Hotel & Motel,668367552,9.4,90.7,4.0,170.6,-113.8,,5.7,6,2.0,5.6
69,S,https://www.tradingview.com/symbols/S/,True,True,STRONG UPTREND,10,25.4,26.33,11.81,-3.6,1.12,114.4,2.3,Technology,Software - Infrastructure,8840448000,20.6,,-31.0,,55.1,2.06,2.3,5,2.8,5.6
70,BRK-B,https://www.tradingview.com/symbols/BRK-B/,True,True,STRONG UPTREND,10,511.05,537.74,464.01,-5.0,0.88,17.0,1.0,Financial Services,Insurance - Diversified,1094009683968,10.0,107.8,22.3,12.9,23.6,2.0,3.2,7,2.2,5.6
71,ESTC,https://www.tradingview.com/symbols/ESTC/,True,True,STRONG UPTREND,8,95.26,108.0,42.05,-11.8,0.74,153.9,3.1,Technology,Software - Application,10001469440,15.1,,20.8,27.2,24.1,1.93,1.4,8,1.9,5.5
72,EHC,https://www.tradingview.com/symbols/EHC/,True,True,STRONG UPTREND,10,122.54,127.28,96.08,-3.7,1.16,44.9,1.0,Healthcare,Medical Care Facilities,12088985600,9.6,10.8,10.0,20.5,18.3,1.08,3.7,6,2.9,5.5
73,IEX,https://www.tradingview.com/symbols/IEX/,True,True,STRONG UPTREND,10,231.75,243.03,195.0,-4.6,1.06,27.6,1.0,Industrials,Specialty Industrial Machinery,17084585984,6.4,10.9,14.5,33.3,24.1,1.73,3.9,6,2.7,5.5
74,BRK-A,https://www.tradingview.com/symbols/BRK-A/,True,True,STRONG UPTREND,10,766882.0,806103.0,698000.0,-4.9,0.63,16.8,1.0,Financial Services,Insurance - Diversified,1094447988736,10.0,107.8,22.3,12.9,23.7,2.75,1.4,7,1.6,5.5
75,UVE,https://www.tradingview.com/symbols/UVE/,True,True,STRONG UPTREND,10,46.97,47.36,33.08,-0.8,1.15,44.7,1.0,Financial Services,Insurance - Property & Casualty,1307191808,6.7,68.6,13.5,6.2,10.4,3.0,3.7,6,2.9,5.5
76,UTZ,https://www.tradingview.com/symbols/UTZ/,True,True,STRONG UPTREND,10,14.32,14.33,6.69,-0.1,0.57,190.6,3.8,Consumer Defensive,Packaged Foods,2061538816,1.4,,-2.0,,17.2,,4.6,4,1.4,5.5
77,MET,https://www.tradingview.com/symbols/MET/,True,True,STRONG UPTREND,10,98.47,100.93,72.22,-2.4,1.04,59.3,1.2,Financial Services,Insurance - Life,62575415296,10.5,5.8,4.6,18.9,8.9,1.89,4.3,6,2.6,5.5
78,EMR,https://www.tradingview.com/symbols/EMR/,True,True,STRONG UPTREND,10,159.06,165.79,127.7,-4.1,1.01,29.7,1.0,Industrials,Specialty Industrial Machinery,88723668992,7.0,23.0,13.8,34.8,21.9,1.9,4.0,6,2.5,5.5
79,PNFP,https://www.tradingview.com/symbols/PNFP/,True,True,STRONG UPTREND,8,94.67,109.81,89.63,-13.8,1.25,8.8,1.0,Financial Services,Banks - Regional,14305832960,137.0,3.5,24.9,13.0,8.2,1.59,5.7,9,3.1,5.5
80,V,https://www.tradingview.com/symbols/V/,True,True,STRONG UPTREND,10,375.1,385.57,301.16,-2.7,0.71,43.2,1.0,Financial Services,Credit Services,704195985408,14.4,10.2,50.8,31.9,25.0,1.45,3.0,7,1.8,5.5
81,IGR,https://www.tradingview.com/symbols/IGR/,True,True,STRONG UPTREND,8,11.07,13.59,3.69,-18.6,1.21,216.7,4.3,Financial Services,Asset Management,559992832,-23.1,75.6,128.6,12.4,,,1.2,5,3.0,5.5
82,LLY,https://www.tradingview.com/symbols/LLY/,True,True,STRONG UPTREND,8,1169.6,1292.65,847.83,-9.5,0.92,51.9,1.0,Healthcare,Drug Manufacturers - General,1042980667392,47.7,26.2,33.5,39.3,24.6,1.63,3.1,10,2.3,5.5
83,AES,https://www.tradingview.com/symbols/AES/,True,True,STRONG UPTREND,10,14.93,14.98,14.01,-0.3,1.2,11.4,1.0,Utilities,Utilities - Diversified,10651639808,19.9,,14.3,5.6,6.3,3.0,2.4,6,3.0,5.5
84,MTD,https://www.tradingview.com/symbols/MTD/,True,True,STRONG UPTREND,10,1529.46,1585.72,1023.05,-3.5,1.03,47.0,1.0,Healthcare,Diagnostics & Research,30645116928,4.5,18.3,21.9,34.5,29.5,2.57,3.9,6,2.6,5.5
85,HMC,https://www.tradingview.com/symbols/HMC/,True,True,STRONG UPTREND,10,32.48,33.45,23.59,-2.9,1.32,70.4,1.4,Consumer Cyclical,Auto Manufacturers,42148392960,13.5,147.5,-0.8,,,,2.5,5,3.3,5.5
86,BOX,https://www.tradingview.com/symbols/BOX/,True,True,STRONG UPTREND,10,36.31,36.34,21.34,-0.1,0.7,93.0,1.9,Technology,Software - Infrastructure,4981760000,9.2,80.0,10.6,52.6,20.9,,5.6,6,1.8,5.5
87,AFG,https://www.tradingview.com/symbols/AFG/,True,True,STRONG UPTREND,10,141.98,148.71,122.32,-4.5,1.11,22.7,1.0,Financial Services,Insurance - Property & Casualty,11773189120,5.8,44.3,11.8,12.4,11.7,2.43,5.4,6,2.8,5.5
88,RBRK,https://www.tradingview.com/symbols/RBRK/,True,True,STRONG UPTREND,8,120.89,127.9,42.25,-5.5,0.93,161.6,3.2,Technology,Software - Infrastructure,24882614272,37.9,,-16.5,,157.5,1.11,3.7,7,2.3,5.5
89,GKOS,https://www.tradingview.com/symbols/GKOS/,True,True,STRONG UPTREND,8,161.29,191.62,99.48,-15.8,1.56,87.4,1.7,Healthcare,Medical Devices,9513519104,49.5,,-30.7,,308.1,1.36,6.4,7,3.9,5.4
90,SXT,https://www.tradingview.com/symbols/SXT/,True,True,STRONG UPTREND,10,132.03,138.82,90.02,-4.9,0.86,52.9,1.1,Basic Materials,Specialty Chemicals,5619568128,11.6,36.4,9.3,35.6,26.4,2.0,4.8,6,2.1,5.4
91,BCH,https://www.tradingview.com/symbols/BCH/,True,True,STRONG UPTREND,8,38.75,43.14,33.6,-10.2,1.92,22.1,1.0,Financial Services,Banks - Regional,19572060160,13.6,28.6,45.4,14.9,12.4,2.83,3.6,7,4.8,5.4
92,WT,https://www.tradingview.com/symbols/WT/,True,True,STRONG UPTREND,8,22.68,25.91,15.24,-12.5,0.86,81.7,1.6,Financial Services,Asset Management,3436294656,57.3,64.7,13.3,41.2,16.8,1.71,5.9,9,2.1,5.4
93,BAC,https://www.tradingview.com/symbols/BAC/,True,True,STRONG UPTREND,8,53.61,64.9,48.8,-17.4,1.1,34.9,1.0,Financial Services,Banks - Diversified,374881255424,16.8,34.1,29.5,12.4,10.2,1.56,2.5,9,2.8,5.4
94,TTC,https://www.tradingview.com/symbols/TTC/,True,True,STRONG UPTREND,10,96.81,100.4,83.55,-3.6,0.82,10.5,1.0,Industrials,Tools & Accessories,9164360704,8.4,49.8,7.6,25.9,19.0,,4.2,6,2.0,5.4
95,SMFG,https://www.tradingview.com/symbols/SMFG/,True,True,STRONG UPTREND,8,25.31,27.62,19.87,-8.4,1.08,52.2,1.0,Financial Services,Banks - Diversified,158750130176,24.8,35.0,27.8,14.6,61.7,1.0,5.5,9,2.7,5.4
96,BWLP,https://www.tradingview.com/symbols/BWLP/,True,True,STRONG UPTREND,10,26.32,26.47,16.35,-0.6,1.31,80.4,1.6,Energy,Oil & Gas Midstream,3995760384,-3.1,243.5,12.6,9.0,,,3.3,4,3.3,5.4
97,ABM,https://www.tradingview.com/symbols/ABM/,True,True,STRONG UPTREND,10,49.89,50.98,37.63,-2.1,0.93,56.3,1.1,Industrials,Specialty Business Services,2924281856,4.2,25.6,1.8,18.1,11.5,,4.2,6,2.3,5.4
98,AAMI,https://www.tradingview.com/symbols/AAMI/,True,True,STRONG UPTREND,8,93.3,98.41,58.86,-5.2,1.07,85.5,1.7,Financial Services,Asset Management,3311228928,45.3,171.4,15.2,33.1,14.4,3.0,2.5,8,2.7,5.4
99,NWG,https://www.tradingview.com/symbols/NWG/,True,True,STRONG UPTREND,8,17.15,19.21,14.48,-10.7,1.57,45.3,1.0,Financial Services,Banks - Regional,67939991552,14.5,30.0,37.7,8.6,8.0,1.5,0.5,8,3.9,5.4
100,CPAC,https://www.tradingview.com/symbols/CPAC/,True,True,STRONG UPTREND,10,12.25,12.74,10.2,-3.8,0.29,38.7,1.0,Basic Materials,Building Materials,1048861760,15.4,61.5,9.5,17.3,14.4,3.0,0.7,7,1.0,5.4
101,ECL,https://www.tradingview.com/symbols/ECL/,True,True,STRONG UPTREND,10,281.69,294.55,241.85,-4.4,0.84,17.7,1.0,Basic Materials,Specialty Chemicals,78965768192,9.7,3.3,12.6,37.8,29.9,1.54,3.6,6,2.1,5.4
102,MFG,https://www.tradingview.com/symbols/MFG/,True,True,STRONG UPTREND,8,10.67,11.49,8.03,-7.1,0.92,61.0,1.2,Financial Services,Banks - Regional,129139425280,35.0,49.7,29.1,14.6,7.7,2.5,2.7,9,2.3,5.4
103,COF,https://www.tradingview.com/symbols/COF/,True,True,STRONG UPTREND,8,199.4,227.34,173.63,-12.3,1.03,23.4,1.0,Financial Services,Credit Services,122328875008,1111.0,,21.9,12.8,8.4,1.57,3.1,9,2.6,5.4
104,MCO,https://www.tradingview.com/symbols/MCO/,True,True,STRONG UPTREND,8,458.69,522.21,422.5,-12.2,1.07,16.9,1.0,Financial Services,Financial Data & Stock Exchanges,79436390400,15.1,56.7,34.3,29.1,24.2,1.71,4.2,9,2.7,5.4
105,OBK,https://www.tradingview.com/symbols/OBK/,True,True,STRONG UPTREND,8,52.47,55.32,43.06,-5.1,1.15,42.1,1.0,Financial Services,Banks - Regional,1618682624,33.3,132.1,26.4,16.5,11.8,2.0,4.4,9,2.9,5.4
106,ETV,https://www.tradingview.com/symbols/ETV/,True,True,STRONG UPTREND,10,14.99,15.49,13.31,-3.2,1.23,18.9,1.0,Financial Services,Asset Management,1750150912,-6.1,464.4,1522.6,5.9,,,1.3,5,3.1,5.4
107,ZETA,https://www.tradingview.com/symbols/ZETA/,True,True,STRONG UPTREND,8,33.03,34.8,14.51,-5.1,0.96,146.3,2.9,Technology,Software - Infrastructure,8232978944,43.5,,-0.1,,27.3,1.53,2.8,7,2.4,5.4
108,DK,https://www.tradingview.com/symbols/DK/,True,True,STRONG UPTREND,8,76.6,82.27,36.68,-6.9,0.8,149.5,3.0,Energy,Oil & Gas Refining & Marketing,4690384384,47.8,,1.9,20.8,9.3,2.08,2.9,7,2.0,5.4
109,KMX,https://www.tradingview.com/symbols/KMX/,True,True,STRONG UPTREND,8,53.79,65.28,35.17,-17.6,1.17,101.3,2.0,Consumer Cyclical,Auto & Truck Dealerships,7635103232,17.7,81.6,1.0,25.5,15.1,2.8,6.0,7,2.9,5.3
110,UNM,https://www.tradingview.com/symbols/UNM/,True,True,STRONG UPTREND,10,92.64,96.77,75.06,-4.3,1.19,37.7,1.0,Financial Services,Insurance - Life,14665541632,0.3,-16.2,5.3,21.6,9.8,1.77,2.9,5,3.0,5.3
111,PAYC,https://www.tradingview.com/symbols/PAYC/,True,True,STRONG UPTREND,8,229.9,244.98,110.01,-6.2,0.7,154.8,3.1,Technology,Software - Application,10361965568,9.8,48.1,22.8,24.3,16.5,2.52,3.9,7,1.8,5.3
112,RLI,https://www.tradingview.com/symbols/RLI/,True,True,STRONG UPTREND,8,56.3,66.81,45.13,-15.7,1.28,45.4,1.0,Financial Services,Insurance - Property & Casualty,5166817792,15.2,35.8,22.2,11.8,20.9,3.38,15.3,8,3.2,5.3
113,SCHW,https://www.tradingview.com/symbols/SCHW/,True,True,STRONG UPTREND,8,96.87,114.53,83.72,-15.4,0.82,39.9,1.0,Financial Services,Capital Markets,167520747520,20.9,42.6,38.8,17.6,12.3,1.78,2.5,9,2.0,5.3
114,TD,https://www.tradingview.com/symbols/TD/,True,True,STRONG UPTREND,8,114.04,125.47,97.3,-9.1,1.8,33.0,1.0,Financial Services,Banks - Diversified,186229227520,11.5,45.0,26.6,16.9,14.5,2.21,4.4,7,4.5,5.3
115,YPF,https://www.tradingview.com/symbols/YPF/,True,True,STRONG UPTREND,8,49.9,57.87,39.35,-13.8,0.89,39.2,1.0,Energy,Oil & Gas Integrated,19564546048,72.2,2550.7,4.0,26.3,9.1,1.77,4.5,9,2.2,5.3
116,LW,https://www.tradingview.com/symbols/LW/,True,True,STRONG UPTREND,8,49.46,55.7,39.87,-11.2,2.81,37.7,1.0,Consumer Defensive,Packaged Foods,6814620672,0.7,-54.3,3.8,27.0,14.0,2.5,5.1,4,7.0,5.3
117,LXP,https://www.tradingview.com/symbols/LXP/,True,True,STRONG UPTREND,10,61.01,61.61,47.98,-1.0,0.99,54.2,1.1,Real Estate,REIT - Industrial,3596982528,0.4,,18.7,60.4,-3050.5,2.38,2.2,5,2.5,5.3
118,IFF,https://www.tradingview.com/symbols/IFF/,True,True,STRONG UPTREND,10,84.65,88.9,68.1,-4.8,1.2,40.6,1.0,Basic Materials,Specialty Chemicals,21598445568,1.8,-91.6,2.6,83.8,21.3,1.75,11.3,5,3.0,5.3
119,WAT,https://www.tradingview.com/symbols/WAT/,True,True,STRONG UPTREND,8,429.13,454.54,287.19,-5.6,1.14,65.1,1.3,Healthcare,Diagnostics & Research,42134495232,113.4,,3.6,108.6,25.9,1.62,5.1,8,2.8,5.3
120,PK,https://www.tradingview.com/symbols/PK/,True,True,STRONG UPTREND,10,15.21,15.94,10.35,-4.6,1.1,83.8,1.7,Real Estate,REIT - Hotel & Motel,3062356224,1.0,,-6.4,,27.9,2.5,9.4,4,2.8,5.3
121,APAM,https://www.tradingview.com/symbols/APAM/,True,True,STRONG UPTREND,8,33.65,44.27,33.02,-24.0,2.14,19.2,1.0,Financial Services,Asset Management,2389030144,8.9,18.3,24.1,8.1,8.7,3.25,5.1,6,5.4,5.3
122,SB,https://www.tradingview.com/symbols/SB/,True,True,STRONG UPTREND,8,8.82,9.31,6.04,-5.3,0.98,73.6,1.5,Industrials,Marine Shipping,1004011200,33.0,,28.3,11.5,12.6,,2.8,8,2.5,5.3
123,JPM,https://www.tradingview.com/symbols/JPM/,True,True,STRONG UPTREND,8,331.42,364.68,290.9,-9.1,0.93,35.8,1.0,Financial Services,Banks - Diversified,880976134144,30.4,46.9,34.9,14.2,13.2,2.12,3.9,9,2.3,5.3
124,ET,https://www.tradingview.com/symbols/ET/,True,True,STRONG UPTREND,8,20.62,21.84,17.73,-5.6,0.93,28.1,1.0,Energy,Oil & Gas Midstream,71000842240,78.4,85.3,4.9,14.1,11.8,1.48,4.0,9,2.3,5.3
125,GENI,https://www.tradingview.com/symbols/GENI/,True,True,STRONG UPTREND,8,6.63,8.59,3.83,-22.8,1.26,99.9,2.0,Communication Services,Internet Content & Information,1774366720,64.7,,-23.0,,6.2,1.43,8.2,7,3.1,5.3
126,ACVA,https://www.tradingview.com/symbols/ACVA/,True,True,STRONG UPTREND,10,10.44,10.5,4.18,-0.6,0.64,144.2,2.9,Consumer Cyclical,Auto & Truck Dealerships,1772964864,10.4,,-7.9,,31.5,2.8,1.5,4,1.6,5.3
127,DV,https://www.tradingview.com/symbols/DV/,True,True,STRONG UPTREND,10,13.5,13.65,8.6,-1.1,0.48,72.8,1.5,Communication Services,Advertising Agencies,2108462848,2.5,60.0,7.7,38.6,11.6,,1.9,6,1.2,5.3
128,BDJ,https://www.tradingview.com/symbols/BDJ/,True,True,STRONG UPTREND,10,9.47,9.88,8.62,-4.1,1.08,23.3,1.0,Financial Services,Asset Management,1675666304,-19.8,14.5,745.9,5.7,,1.0,0.4,5,2.7,5.3
129,ETW,https://www.tradingview.com/symbols/ETW/,True,True,STRONG UPTREND,10,9.54,9.88,8.7,-3.5,1.09,17.4,1.0,Financial Services,Asset Management,1036022848,-1.4,59.6,1125.7,4.6,,,0.3,5,2.7,5.3
130,NMR,https://www.tradingview.com/symbols/NMR/,True,True,STRONG UPTREND,8,9.54,10.94,7.71,-12.8,0.94,57.5,1.2,Financial Services,Capital Markets,27881525248,31.2,42.0,17.3,11.1,17.0,,1.5,8,2.3,5.2
131,CHT,https://www.tradingview.com/symbols/CHT/,True,True,STRONG UPTREND,10,46.2,46.41,40.25,-0.5,0.92,17.8,1.0,Communication Services,Telecom Services,35839401984,8.2,4.6,16.1,28.2,29.5,,5.4,5,2.3,5.2
132,MUFG,https://www.tradingview.com/symbols/MUFG/,True,True,STRONG UPTREND,8,22.48,24.26,17.06,-7.3,0.94,63.7,1.3,Financial Services,Banks - Diversified,253029597184,28.8,50.9,27.4,14.7,21.8,2.5,1.9,8,2.3,5.2
133,HSBC,https://www.tradingview.com/symbols/HSBC/,True,True,STRONG UPTREND,8,92.61,107.43,84.33,-13.8,1.56,34.6,1.0,Financial Services,Banks - Diversified,316720087040,25.4,,37.8,13.2,9.7,2.67,4.6,7,3.9,5.2
134,BX,https://www.tradingview.com/symbols/BX/,True,True,STRONG UPTREND,8,112.68,150.24,105.95,-25.0,1.14,16.7,1.0,Financial Services,Asset Management,134686154752,28.6,57.3,22.7,25.2,15.2,2.08,6.1,8,2.8,5.2
135,BBVA,https://www.tradingview.com/symbols/BBVA/,True,True,STRONG UPTREND,8,26.17,29.64,20.7,-11.7,1.25,66.0,1.3,Financial Services,Banks - Diversified,143934554112,20.2,15.2,32.6,11.9,9.6,,1.4,7,3.1,5.2
136,BHB,https://www.tradingview.com/symbols/BHB/,True,True,STRONG UPTREND,8,38.48,41.12,32.79,-6.4,0.73,42.0,1.0,Financial Services,Banks - Regional,645158720,42.3,128.5,26.3,13.0,10.2,2.5,7.4,9,1.8,5.2
137,SMWB,https://www.tradingview.com/symbols/SMWB/,True,True,STRONG UPTREND,8,8.43,9.5,2.28,-11.3,0.44,279.0,5.6,Technology,Software - Application,743936576,8.8,,-7.4,,27.0,2.0,1.1,4,1.1,5.2
138,ARW,https://www.tradingview.com/symbols/ARW/,True,True,STRONG UPTREND,8,226.75,249.43,154.79,-9.1,1.16,36.3,1.0,Technology,Electronics & Computer Distribution,11542804480,31.8,46.5,2.3,14.5,9.5,,2.9,8,2.9,5.2
139,JHX,https://www.tradingview.com/symbols/JHX/,True,True,STRONG UPTREND,8,25.15,31.43,18.51,-20.0,0.81,72.5,1.5,Basic Materials,Building Materials,14600140800,63.9,23.4,2.7,100.6,15.7,1.1,2.1,8,2.0,5.2
140,EAT,https://www.tradingview.com/symbols/EAT/,True,True,STRONG UPTREND,8,190.2,254.99,124.96,-25.4,0.95,111.6,2.2,Consumer Cyclical,Restaurants,7965815296,5.1,29.4,8.4,17.5,13.1,1.57,6.0,7,2.4,5.2
141,OOMA,https://www.tradingview.com/symbols/OOMA/,True,True,STRONG UPTREND,8,20.1,26.19,13.44,-23.3,0.97,72.4,1.4,Technology,Software - Application,554760000,25.4,150.0,3.6,51.5,13.4,1.29,3.4,8,2.4,5.2
142,HGTY,https://www.tradingview.com/symbols/HGTY/,True,True,STRONG UPTREND,10,14.2,14.26,9.69,-0.4,1.4,68.9,1.4,Financial Services,Insurance - Property & Casualty,4879441920,-6.5,,1.2,129.1,24.3,2.44,2.2,3,3.5,5.2
143,MATX,https://www.tradingview.com/symbols/MATX/,True,True,STRONG UPTREND,8,227.79,240.87,160.96,-5.4,0.86,65.5,1.3,Industrials,Marine Shipping,6811708416,16.7,46.2,13.4,15.3,13.6,1.25,5.6,8,2.1,5.2
144,AGM,https://www.tradingview.com/symbols/AGM/,True,True,STRONG UPTREND,8,207.44,246.53,151.54,-15.9,1.16,73.1,1.5,Financial Services,Credit Services,2251389952,24.9,20.8,56.0,11.3,9.0,,4.0,7,2.9,5.2
145,DCOM,https://www.tradingview.com/symbols/DCOM/,True,True,STRONG UPTREND,8,38.55,41.97,34.37,-8.1,1.51,28.5,1.0,Financial Services,Banks - Regional,1702236800,12.0,17.6,29.4,13.9,8.9,1.8,16.1,7,3.8,5.2
146,SE,https://www.tradingview.com/symbols/SE/,True,True,STRONG UPTREND,8,92.89,131.94,80.8,-29.6,1.12,56.5,1.1,Consumer Cyclical,Internet Retail,56893689856,48.1,7.7,5.9,35.9,17.8,1.31,3.0,8,2.8,5.2
147,RSG,https://www.tradingview.com/symbols/RSG/,True,True,STRONG UPTREND,10,216.84,227.48,195.2,-4.7,0.84,13.2,1.0,Industrials,Waste Management,66399223808,4.6,5.1,12.9,30.8,26.9,2.0,3.3,5,2.1,5.2
148,HZO,https://www.tradingview.com/symbols/HZO/,True,True,STRONG UPTREND,10,52.43,52.56,26.72,-0.2,0.85,140.2,2.8,Consumer Cyclical,Specialty Retail,1158007552,-7.0,,0.2,327.7,33.3,2.78,3.3,3,2.1,5.2
149,NET,https://www.tradingview.com/symbols/NET/,True,True,STRONG UPTREND,8,341.89,370.35,164.05,-7.7,0.8,121.6,2.4,Technology,Software - Infrastructure,121740099584,35.9,,-8.2,,204.0,1.97,2.5,7,2.0,5.2
150,EQBK,https://www.tradingview.com/symbols/EQBK/,True,True,STRONG UPTREND,8,47.49,52.03,43.82,-8.7,1.01,22.2,1.0,Financial Services,Banks - Regional,977937408,38.1,47.7,14.7,27.9,8.7,2.43,5.0,8,2.5,5.2
151,JCI,https://www.tradingview.com/symbols/JCI/,True,True,STRONG UPTREND,10,154.0,160.41,130.59,-4.0,0.91,12.4,1.0,Industrials,Building Products & Equipment,93284179968,9.3,15.3,14.3,43.5,25.2,2.05,3.1,5,2.3,5.2
152,MTW,https://www.tradingview.com/symbols/MTW/,True,True,STRONG UPTREND,8,21.72,24.0,11.28,-9.5,0.96,138.3,2.8,Industrials,Farm & Heavy Construction Machinery,783265920,10.3,875.0,0.9,39.5,23.7,,3.3,6,2.4,5.2
153,BTX,https://www.tradingview.com/symbols/BTX/,True,True,STRONG UPTREND,10,9.24,9.49,6.67,-2.6,0.98,33.8,1.0,Financial Services,Asset Management,1078403072,,,,2.6,,,0.3,5,2.5,5.2
154,NP,https://www.tradingview.com/symbols/NP/,True,True,STRONG UPTREND,8,28.44,35.15,23.75,-19.1,1.05,33.7,1.0,Financial Services,Insurance Brokers,3902909184,32.8,,21.5,123.7,42.1,2.0,4.5,8,2.6,5.2
155,MAN,https://www.tradingview.com/symbols/MAN/,True,True,STRONG UPTREND,8,54.36,63.88,24.62,-14.9,0.81,195.9,3.9,Industrials,Staffing & Employment Services,2528042752,7.5,,0.6,24.6,11.2,2.42,5.4,5,2.0,5.2
156,IMAX,https://www.tradingview.com/symbols/IMAX/,True,True,STRONG UPTREND,8,51.31,57.73,32.71,-11.1,0.94,100.8,2.0,Communication Services,Entertainment,2813948928,12.2,35.0,9.8,70.3,24.4,1.58,6.9,7,2.3,5.2
157,SUNC,https://www.tradingview.com/symbols/SUNC/,True,True,STRONG UPTREND,8,72.23,83.5,57.07,-13.5,1.45,53.4,1.1,Energy,Oil & Gas Midstream,3721087488,164.5,,0.8,25.9,5.9,,4.2,7,3.6,5.2
158,STT,https://www.tradingview.com/symbols/STT/,True,True,STRONG UPTREND,8,175.09,194.9,134.13,-10.2,0.98,58.4,1.2,Financial Services,Asset Management,48097529856,18.4,68.2,23.0,15.4,11.4,2.0,3.7,8,2.5,5.2
159,U,https://www.tradingview.com/symbols/U/,True,True,STRONG UPTREND,8,45.89,48.46,20.88,-5.3,1.02,139.6,2.8,Technology,Software - Application,20195680256,23.9,,-29.0,,26.4,1.46,3.1,6,2.5,5.2
160,NIQ,https://www.tradingview.com/symbols/NIQ/,True,True,STRONG UPTREND,8,17.91,19.69,7.93,-9.0,1.13,159.6,3.2,N/A,N/A,5282659840,,,,,13.9,,,5,2.8,5.2
161,CIB,https://www.tradingview.com/symbols/CIB/,True,True,STRONG UPTREND,8,94.08,103.97,59.59,-9.5,0.91,99.2,2.0,Financial Services,Banks - Regional,22218448896,26.0,53.2,17.6,11.3,8.1,,1.8,7,2.3,5.2
162,BETA,https://www.tradingview.com/symbols/BETA/,True,True,STRONG UPTREND,8,20.5,27.42,14.31,-25.2,0.75,78.1,1.6,Industrials,Aerospace & Defense,4795791872,145.7,,,,-9.1,1.25,4.7,8,1.9,5.2
163,VSXY,https://www.tradingview.com/symbols/VSXY/,True,True,STRONG UPTREND,8,86.61,102.46,43.12,-15.5,1.06,128.0,2.6,Consumer Cyclical,Apparel Retail,6908363776,10.4,990.0,5.5,19.3,15.4,2.25,4.8,6,2.7,5.2
164,KYN,https://www.tradingview.com/symbols/KYN/,True,True,STRONG UPTREND,8,14.21,15.04,12.54,-5.5,0.96,19.8,1.0,Financial Services,Asset Management,2403280896,17.9,,475.2,4.9,4.9,1.0,0.9,8,2.4,5.1
165,FCF,https://www.tradingview.com/symbols/FCF/,True,True,STRONG UPTREND,8,20.06,22.19,17.84,-9.6,1.32,35.0,1.0,Financial Services,Banks - Regional,2027181824,9.6,37.5,33.2,12.3,10.3,2.29,5.5,7,3.3,5.1
166,USPH,https://www.tradingview.com/symbols/USPH/,True,True,STRONG UPTREND,10,83.52,87.37,57.42,-4.4,1.05,51.1,1.0,Healthcare,Medical Care Facilities,1246343680,8.5,-56.5,4.0,464.0,24.9,,8.1,4,2.6,5.1
167,BDX,https://www.tradingview.com/symbols/BDX/,True,True,STRONG UPTREND,10,182.75,191.94,139.29,-4.8,1.0,58.6,1.2,Healthcare,Medical Instruments & Supplies,49778692096,5.4,-31.4,4.2,42.5,13.7,2.2,6.8,4,2.5,5.1
168,NUE,https://www.tradingview.com/symbols/NUE/,True,True,STRONG UPTREND,8,246.14,279.45,180.4,-11.9,0.83,39.2,1.0,Basic Materials,Steel,55843180544,23.0,93.8,8.0,19.6,12.2,1.76,3.1,8,2.1,5.1
169,LNG,https://www.tradingview.com/symbols/LNG/,True,True,STRONG UPTREND,8,277.88,299.18,223.22,-7.1,0.91,26.9,1.0,Energy,Oil & Gas Midstream,57391714304,22.7,100.7,13.9,21.0,13.2,1.41,2.0,8,2.3,5.1
170,MCK,https://www.tradingview.com/symbols/MCK/,True,True,STRONG UPTREND,10,930.25,938.51,722.11,-0.9,0.79,30.6,1.0,Healthcare,Medical Distribution,108458180608,7.7,-17.6,1.1,24.9,18.4,1.6,3.2,5,2.0,5.1
171,UMAC,https://www.tradingview.com/symbols/UMAC/,True,True,STRONG UPTREND,8,21.39,34.93,12.13,-38.8,0.74,106.5,2.1,Technology,Computer Hardware,1068569600,687.3,,-20.3,,-66.2,1.38,2.4,7,1.9,5.1
172,AOD,https://www.tradingview.com/symbols/AOD/,True,True,STRONG UPTREND,8,9.99,10.74,9.09,-7.0,0.99,18.4,1.0,Financial Services,Asset Management,1053608768,16.1,1957.4,358.6,3.8,,,3.0,8,2.5,5.1
173,MTA,https://www.tradingview.com/symbols/MTA/,True,True,STRONG UPTREND,8,8.54,11.6,6.29,-26.4,0.91,95.1,1.9,Basic Materials,Other Precious Metals & Mining,798454720,93.8,,-2.8,,55.1,1.75,4.4,7,2.3,5.1
174,MCS,https://www.tradingview.com/symbols/MCS/,True,True,STRONG UPTREND,8,27.16,32.33,16.81,-16.0,0.71,116.4,2.3,Communication Services,Entertainment,837401472,12.8,119.1,3.0,36.7,32.3,1.6,3.5,7,1.8,5.1
175,SMBK,https://www.tradingview.com/symbols/SMBK/,True,True,STRONG UPTREND,8,50.06,54.14,39.69,-7.5,0.79,57.8,1.2,Financial Services,Banks - Regional,855949504,16.4,39.1,28.1,14.8,12.0,2.33,5.2,8,2.0,5.1
176,LPG,https://www.tradingview.com/symbols/LPG/,True,False,UPTREND,6,58.23,59.97,32.5,-2.9,0.98,100.1,2.0,Energy,Oil & Gas Midstream,2491235328,124.0,1263.5,55.6,7.7,14.2,1.6,3.8,10,2.5,5.1
177,KB,https://www.tradingview.com/symbols/KB/,True,True,STRONG UPTREND,8,122.04,133.29,97.01,-8.4,0.93,45.0,1.0,Financial Services,Banks - Regional,42848989184,18.5,20.7,36.5,10.5,8.0,1.0,2.7,8,2.3,5.1
178,MSGE,https://www.tradingview.com/symbols/MSGE/,True,True,STRONG UPTREND,8,81.66,90.41,59.85,-9.7,1.62,53.6,1.1,Communication Services,Entertainment,3862945536,27.4,,6.2,59.2,28.1,,4.5,6,4.1,5.1
179,PAY,https://www.tradingview.com/symbols/PAY/,True,True,STRONG UPTREND,8,31.92,45.31,20.11,-29.6,0.83,90.9,1.8,Technology,Software - Infrastructure,4019993600,28.8,81.8,6.2,48.4,29.3,2.0,3.0,7,2.1,5.1
180,KNSL,https://www.tradingview.com/symbols/KNSL/,True,True,STRONG UPTREND,8,339.65,398.32,287.01,-14.7,0.92,27.1,1.0,Financial Services,Insurance - Property & Casualty,7736691712,16.8,34.0,28.5,13.8,15.7,3.17,13.0,8,2.3,5.1
181,CSW,https://www.tradingview.com/symbols/CSW/,True,True,STRONG UPTREND,8,286.62,355.48,251.21,-19.4,0.86,24.7,1.0,Industrials,Specialty Industrial Machinery,4670039040,33.0,25.1,10.3,39.3,21.0,2.43,9.1,8,2.1,5.1
182,IOT,https://www.tradingview.com/symbols/IOT/,True,True,STRONG UPTREND,8,41.22,45.12,25.1,-8.6,0.91,79.5,1.6,Technology,Software - Infrastructure,24138645504,29.9,,4.9,294.4,43.5,1.54,3.9,7,2.3,5.1
183,GEF,https://www.tradingview.com/symbols/GEF/,True,True,STRONG UPTREND,8,81.88,89.89,59.57,-8.9,1.05,70.4,1.4,Consumer Cyclical,Packaging & Containers,4654727168,3.5,43.4,24.7,37.0,17.2,2.83,5.2,7,2.6,5.1
184,HNI,https://www.tradingview.com/symbols/HNI/,True,True,STRONG UPTREND,8,46.91,50.06,28.41,-6.3,0.84,98.5,2.0,Consumer Cyclical,"Furnishings, Fixtures & Appliances",3386048256,120.7,-31.5,0.1,,9.8,1.0,8.2,7,2.1,5.1
185,NIC,https://www.tradingview.com/symbols/NIC/,True,True,STRONG UPTREND,8,164.03,179.62,131.58,-8.7,0.89,41.1,1.0,Financial Services,Banks - Regional,3437660672,86.1,12.0,30.2,18.4,12.2,2.17,7.4,8,2.2,5.1
186,LTH,https://www.tradingview.com/symbols/LTH/,True,True,STRONG UPTREND,8,40.28,47.24,25.94,-14.7,0.83,95.5,1.9,Consumer Cyclical,Leisure,9001047040,13.7,40.6,13.0,22.0,19.7,1.14,4.6,7,2.1,5.1
187,SUN,https://www.tradingview.com/symbols/SUN/,True,True,STRONG UPTREND,8,73.66,80.22,60.19,-8.2,0.95,41.6,1.0,Energy,Oil & Gas Refining & Marketing,13878564864,164.5,185.0,2.9,16.3,18.3,,6.5,8,2.4,5.1
188,CCK,https://www.tradingview.com/symbols/CCK/,True,True,STRONG UPTREND,8,108.88,122.91,91.05,-11.4,0.83,33.6,1.0,Consumer Cyclical,Packaging & Containers,11841844224,16.5,42.9,5.9,15.7,12.0,1.73,3.6,8,2.1,5.1
189,TOST,https://www.tradingview.com/symbols/TOST/,True,True,STRONG UPTREND,8,30.53,37.2,22.26,-17.9,0.93,57.3,1.1,Technology,Software - Infrastructure,17646340096,23.1,100.0,7.1,38.6,17.6,1.83,3.8,8,2.3,5.1
190,EMBJ,https://www.tradingview.com/symbols/EMBJ/,True,True,STRONG UPTREND,8,71.0,79.59,53.26,-10.8,1.33,53.6,1.1,Industrials,Aerospace & Defense,12635038720,10.4,113.9,5.3,28.7,17.8,1.47,1.3,7,3.3,5.1
191,JLL,https://www.tradingview.com/symbols/JLL/,True,True,STRONG UPTREND,8,303.14,393.84,276.03,-23.0,1.34,20.9,1.0,Real Estate,Real Estate Services,13946776576,10.8,97.8,3.6,14.5,10.6,1.83,3.1,7,3.4,5.1
192,TCBX,https://www.tradingview.com/symbols/TCBX/,True,True,STRONG UPTREND,8,41.77,46.35,36.36,-9.9,0.85,35.8,1.0,Financial Services,Banks - Regional,695678080,32.1,12.3,32.5,10.4,9.8,2.14,5.1,8,2.1,5.1
193,TRU,https://www.tradingview.com/symbols/TRU/,True,True,STRONG UPTREND,8,64.59,86.4,60.96,-25.2,1.36,13.1,1.0,Financial Services,Financial Data & Stock Exchanges,12375443456,14.9,32.1,15.1,17.0,11.6,1.73,5.9,7,3.4,5.1
194,BGY,https://www.tradingview.com/symbols/BGY/,True,True,STRONG UPTREND,10,5.63,5.91,5.39,-4.7,1.44,11.0,1.0,Financial Services,Asset Management,510159392,-3.7,-44.9,377.9,9.1,,,1.1,3,3.6,5.1
195,EBF,https://www.tradingview.com/symbols/EBF/,True,True,STRONG UPTREND,10,22.75,22.94,19.32,-0.8,1.03,19.8,1.0,Industrials,Specialty Business Services,575979648,3.4,-27.5,9.8,14.9,14.1,,14.6,4,2.6,5.1
196,GEF-B,https://www.tradingview.com/symbols/GEF-B/,True,True,STRONG UPTREND,8,107.9,114.64,73.66,-5.9,0.82,77.8,1.6,Consumer Cyclical,Packaging & Containers,4089277440,3.5,43.4,24.7,32.6,15.3,,4.5,7,2.0,5.0
197,MSGS,https://www.tradingview.com/symbols/MSGS/,True,True,STRONG UPTREND,8,407.17,438.93,318.46,-7.2,1.1,41.2,1.0,Communication Services,Entertainment,9804628992,36.7,,0.7,1272.4,-894.6,2.0,6.7,7,2.8,5.0
198,OKE,https://www.tradingview.com/symbols/OKE/,True,True,STRONG UPTREND,8,90.29,99.85,79.34,-9.6,1.01,18.4,1.0,Energy,Oil & Gas Midstream,56919650304,52.8,14.2,9.3,15.6,14.5,2.27,8.0,7,2.5,5.0
199,UMH,https://www.tradingview.com/symbols/UMH/,True,True,STRONG UPTREND,8,15.1,16.77,14.52,-10.0,1.04,12.5,1.0,Real Estate,REIT - Residential,1286009472,7.7,66.7,11.6,125.8,88.8,1.67,6.0,7,2.6,5.0
200,AMN,https://www.tradingview.com/symbols/AMN/,True,True,STRONG UPTREND,8,35.44,38.44,17.62,-7.8,1.24,109.7,2.2,Healthcare,Medical Care Facilities,1372590848,2.3,,3.1,13.2,37.8,2.56,6.2,5,3.1,5.0
201,JAN,https://www.tradingview.com/symbols/JAN/,True,True,STRONG UPTREND,8,28.1,32.73,23.1,-14.1,0.68,47.7,1.0,Real Estate,REIT - Residential,8730186752,45.4,,1.8,,148.8,1.71,6.2,8,1.7,5.0
202,TAK,https://www.tradingview.com/symbols/TAK/,True,True,STRONG UPTREND,10,18.52,19.1,14.84,-3.0,0.98,26.2,1.0,Healthcare,Drug Manufacturers - Specialty & Generic,59163480064,10.2,-9.8,-3.5,,34.9,1.0,1.9,4,2.5,5.0
203,SHG,https://www.tradingview.com/symbols/SHG/,True,True,STRONG UPTREND,8,75.38,85.57,59.78,-11.9,1.05,49.9,1.0,Financial Services,Banks - Regional,35493752832,5.7,22.5,26.2,10.0,8.1,1.0,4.5,7,2.6,5.0
204,HESM,https://www.tradingview.com/symbols/HESM/,True,True,STRONG UPTREND,8,34.0,41.32,31.99,-17.7,2.69,13.3,1.0,Energy,Oil & Gas Midstream,7010064384,-3.7,1.4,23.2,11.7,10.9,3.71,5.5,3,6.7,5.0
205,SOBO,https://www.tradingview.com/symbols/SOBO/,True,True,STRONG UPTREND,8,33.84,38.45,30.16,-12.0,1.18,14.2,1.0,Energy,Oil & Gas Midstream,7058622464,4.2,39.1,23.0,15.4,17.4,3.05,18.1,7,2.9,5.0
206,PACS,https://www.tradingview.com/symbols/PACS/,True,True,STRONG UPTREND,8,43.73,49.49,31.85,-11.6,0.96,58.6,1.2,Healthcare,Medical Care Facilities,6924016640,9.1,51.6,4.8,25.6,16.0,1.33,5.7,7,2.4,5.0
207,RACE,https://www.tradingview.com/symbols/RACE/,True,True,STRONG UPTREND,8,388.28,437.15,319.72,-11.2,1.05,46.2,1.0,Consumer Cyclical,Auto Manufacturers,68104298496,8.4,10.1,22.2,36.1,31.2,1.5,9.9,7,2.6,5.0
208,BBY,https://www.tradingview.com/symbols/BBY/,True,True,STRONG UPTREND,8,88.4,96.53,53.81,-8.4,0.92,101.2,2.0,Consumer Cyclical,Specialty Retail,18539929600,3.6,70.1,3.0,14.7,12.3,2.8,3.8,6,2.3,5.0
209,AWR,https://www.tradingview.com/symbols/AWR/,True,True,STRONG UPTREND,8,81.83,91.72,72.95,-10.8,1.1,33.4,1.0,Utilities,Utilities - Regulated Water,3243383296,11.2,25.8,20.5,22.4,21.5,,5.3,7,2.8,5.0
210,ANF,https://www.tradingview.com/symbols/ANF/,True,True,STRONG UPTREND,8,141.41,155.22,69.68,-8.9,0.73,129.4,2.6,Consumer Cyclical,Apparel Retail,6000645120,4.8,43.3,10.0,12.2,10.9,2.0,2.2,6,1.8,5.0
211,CBZ,https://www.tradingview.com/symbols/CBZ/,True,True,STRONG UPTREND,10,54.8,55.56,26.15,-1.4,0.62,166.7,3.3,Industrials,Specialty Business Services,3010738176,-0.2,-53.0,4.4,26.3,12.9,,2.0,2,1.6,5.0
212,BSM,https://www.tradingview.com/symbols/BSM/,True,True,STRONG UPTREND,10,14.75,15.2,12.64,-3.0,0.55,26.9,1.0,Energy,Oil & Gas E&P,3137480960,13.2,-12.0,66.9,12.3,13.1,,7.4,5,1.4,5.0
213,WTTR,https://www.tradingview.com/symbols/WTTR/,True,True,STRONG UPTREND,8,19.6,22.47,14.11,-12.8,1.11,48.4,1.0,Energy,Oil & Gas Equipment & Services,2797581824,8.7,62.0,2.2,70.0,34.9,1.43,4.8,7,2.8,5.0
214,EROK,https://www.tradingview.com/symbols/EROK/,True,True,STRONG UPTREND,8,21.58,27.42,19.75,-21.3,1.44,26.5,1.0,Energy,Oil & Gas Equipment & Services,2838192384,74.0,,-2.9,8.3,22.7,2.0,5.5,6,3.6,5.0
215,RNR,https://www.tradingview.com/symbols/RNR/,True,True,STRONG UPTREND,10,331.34,339.82,274.88,-2.5,1.35,23.1,1.0,Financial Services,Insurance - Reinsurance,13767803904,-13.2,-10.0,23.6,5.7,8.1,2.67,5.8,3,3.4,5.0
216,DNOW,https://www.tradingview.com/symbols/DNOW/,True,True,STRONG UPTREND,8,15.65,17.2,11.51,-9.0,0.91,58.8,1.2,Industrials,Industrial Distribution,2829299200,108.1,,-4.6,,19.0,1.5,4.4,7,2.3,5.0
217,THC,https://www.tradingview.com/symbols/THC/,True,True,STRONG UPTREND,8,260.57,283.05,157.58,-7.9,0.57,100.3,2.0,Healthcare,Medical Care Facilities,20980836352,6.8,213.4,10.3,10.1,12.4,1.57,2.8,7,1.4,5.0
218,OMC,https://www.tradingview.com/symbols/OMC/,True,True,STRONG UPTREND,8,76.45,88.66,68.54,-13.8,0.72,19.9,1.0,Communication Services,Advertising Agencies,20973746176,63.4,58.8,1.7,201.2,6.6,2.08,11.1,8,1.8,5.0
219,BRO,https://www.tradingview.com/symbols/BRO/,True,True,STRONG UPTREND,8,63.75,75.46,53.69,-15.5,1.13,24.6,1.0,Financial Services,Insurance Brokers,21331410944,32.4,7.1,18.1,20.1,13.2,2.7,8.2,7,2.8,5.0
220,CPAY,https://www.tradingview.com/symbols/CPAY/,True,True,STRONG UPTREND,8,402.08,427.46,297.7,-5.9,1.07,59.0,1.2,Technology,Software - Infrastructure,26400411648,21.5,-7.0,22.7,24.4,12.8,1.69,7.5,7,2.7,5.0
221,LH,https://www.tradingview.com/symbols/LH/,True,True,STRONG UPTREND,8,314.2,341.07,247.38,-7.9,0.94,58.1,1.2,Healthcare,Diagnostics & Research,25481621504,5.8,28.2,7.0,26.0,15.9,1.72,3.5,7,2.3,5.0
222,FHI,https://www.tradingview.com/symbols/FHI/,True,True,STRONG UPTREND,8,55.95,66.8,51.67,-16.2,1.19,20.1,1.0,Financial Services,Asset Management,4177242624,18.3,19.3,21.3,10.4,9.6,2.88,7.9,7,3.0,5.0
223,BZH,https://www.tradingview.com/symbols/BZH/,True,True,STRONG UPTREND,10,33.41,34.54,17.83,-3.3,1.14,113.0,2.3,Consumer Cyclical,Residential Construction,891366208,-5.3,,-0.4,,22.0,,3.1,2,2.8,5.0
224,ING,https://www.tradingview.com/symbols/ING/,True,True,STRONG UPTREND,8,33.43,37.52,26.92,-10.9,1.38,61.9,1.2,Financial Services,Banks - Diversified,95105802240,11.1,22.1,34.5,12.5,10.4,,1.9,6,3.4,5.0
225,USB,https://www.tradingview.com/symbols/USB/,True,True,STRONG UPTREND,8,57.03,65.47,51.4,-12.9,1.01,28.5,1.0,Financial Services,Banks - Regional,88855674880,10.4,21.6,29.9,11.4,9.8,1.79,3.8,7,2.5,5.0
226,CARS,https://www.tradingview.com/symbols/CARS/,True,True,STRONG UPTREND,8,9.74,13.34,8.9,-27.0,1.56,21.7,1.0,Communication Services,Internet Content & Information,521408608,0.7,127.3,4.7,17.1,4.1,2.83,14.3,6,3.9,5.0
227,EC,https://www.tradingview.com/symbols/EC/,True,True,STRONG UPTREND,8,16.94,18.38,12.27,-7.8,0.72,61.6,1.2,Energy,Oil & Gas Integrated,34825842688,35.5,234.5,10.2,9.2,9.0,3.64,4.8,7,1.8,4.9
228,UGP,https://www.tradingview.com/symbols/UGP/,True,False,UPTREND,6,7.79,8.28,4.49,-5.9,1.56,72.7,1.5,Energy,Oil & Gas Refining & Marketing,8301179904,21.9,44.3,2.3,12.6,12.3,1.88,1.4,8,3.9,4.9
229,CMG,https://www.tradingview.com/symbols/CMG/,True,True,STRONG UPTREND,8,32.68,39.09,28.04,-16.4,1.63,8.1,1.0,Consumer Cyclical,Restaurants,41353859072,9.3,-1.3,11.4,30.0,23.9,1.74,3.0,5,4.1,4.9
230,RJF,https://www.tradingview.com/symbols/RJF/,True,True,STRONG UPTREND,8,158.6,182.11,140.08,-12.9,0.93,30.4,1.0,Financial Services,Asset Management,30467061760,15.1,42.0,15.1,13.8,11.1,2.44,6.6,7,2.3,4.9
231,BHVN,https://www.tradingview.com/symbols/BHVN/,True,True,STRONG UPTREND,8,11.93,18.24,8.22,-34.6,0.84,88.5,1.8,Healthcare,Biotechnology,1801952256,,,,,-6.4,1.82,5.7,6,2.1,4.9
232,AME,https://www.tradingview.com/symbols/AME/,True,True,STRONG UPTREND,8,247.52,260.78,219.35,-5.1,0.9,16.5,1.0,Industrials,Specialty Industrial Machinery,56746745856,15.0,14.2,20.0,36.2,26.0,1.75,2.1,7,2.2,4.9
233,MHK,https://www.tradingview.com/symbols/MHK/,True,True,STRONG UPTREND,8,119.44,140.3,92.99,-14.9,1.14,57.7,1.2,Consumer Cyclical,"Furnishings, Fixtures & Appliances",8090643968,6.8,37.6,4.2,15.8,12.0,2.44,5.2,6,2.8,4.9
234,EQH,https://www.tradingview.com/symbols/EQH/,True,True,STRONG UPTREND,10,53.48,55.22,36.17,-3.2,0.91,69.5,1.4,Financial Services,Asset Management,14587514880,-29.8,,-8.7,,6.0,1.33,2.7,3,2.3,4.9
235,GDV,https://www.tradingview.com/symbols/GDV/,True,True,STRONG UPTREND,8,28.31,30.69,27.3,-7.8,0.87,9.4,1.0,Financial Services,Asset Management,2454364928,7.0,28.2,738.4,5.1,,,0.1,7,2.2,4.9
236,WAB,https://www.tradingview.com/symbols/WAB/,True,True,STRONG UPTREND,8,280.8,306.32,250.89,-8.3,0.91,26.1,1.0,Industrials,Railroads,47430164480,17.5,18.9,10.6,37.7,22.5,1.42,4.7,7,2.3,4.9
237,LNC,https://www.tradingview.com/symbols/LNC/,True,True,STRONG UPTREND,8,40.99,47.67,32.84,-14.0,1.33,53.7,1.1,Financial Services,Insurance - Life,7847426048,12.6,76.8,12.2,3.5,4.7,2.54,6.6,6,3.3,4.9
238,PRLB,https://www.tradingview.com/symbols/PRLB/,True,True,STRONG UPTREND,8,92.21,99.96,57.67,-7.8,1.13,70.3,1.4,Industrials,Metal Fabrication,2205838080,10.6,105.6,5.4,73.2,38.6,,4.5,6,2.8,4.9
239,BY,https://www.tradingview.com/symbols/BY/,True,True,STRONG UPTREND,8,36.88,40.03,31.55,-7.9,0.86,40.2,1.0,Financial Services,Banks - Regional,1666475264,11.7,36.4,34.4,11.1,10.5,2.17,4.1,7,2.1,4.9
240,BNS,https://www.tradingview.com/symbols/BNS/,True,True,STRONG UPTREND,8,87.59,94.89,69.61,-7.7,1.39,50.9,1.0,Financial Services,Banks - Diversified,106757308416,11.7,23.4,28.4,15.9,13.2,2.57,5.7,6,3.5,4.9
241,J,https://www.tradingview.com/symbols/J/,True,True,STRONG UPTREND,8,138.59,153.3,105.09,-9.6,0.99,44.2,1.0,Industrials,Engineering & Construction,16220380160,34.5,-25.4,2.4,46.0,16.8,1.94,4.1,7,2.5,4.9
242,DB,https://www.tradingview.com/symbols/DB/,True,True,STRONG UPTREND,8,33.63,41.62,29.07,-19.2,1.27,53.0,1.1,Financial Services,Banks - Regional,63190773760,8.7,18.8,22.7,8.8,7.1,2.0,2.7,6,3.2,4.9
243,STEW,https://www.tradingview.com/symbols/STEW/,True,True,STRONG UPTREND,8,17.42,19.05,17.04,-8.6,1.36,10.5,1.0,Financial Services,Asset Management,1680011008,3.5,,446.8,11.6,,,0.1,6,3.4,4.9
244,TMP,https://www.tradingview.com/symbols/TMP/,True,True,STRONG UPTREND,8,96.55,102.59,79.53,-5.9,0.81,44.4,1.0,Financial Services,Banks - Regional,1388669568,7.2,36.0,39.3,7.9,11.8,2.5,3.2,7,2.0,4.9
245,AJG,https://www.tradingview.com/symbols/AJG/,True,True,STRONG UPTREND,8,234.05,272.06,189.61,-14.0,0.95,43.6,1.0,Financial Services,Insurance Brokers,59996610560,30.9,-10.7,10.4,38.8,15.8,1.78,4.7,7,2.4,4.9
246,AIZ,https://www.tradingview.com/symbols/AIZ/,True,True,STRONG UPTREND,8,272.86,303.0,216.63,-9.9,0.9,44.9,1.0,Financial Services,Insurance - Property & Casualty,13458482176,9.4,30.5,7.9,13.1,11.6,1.43,4.2,7,2.2,4.9
247,CLH,https://www.tradingview.com/symbols/CLH/,True,True,STRONG UPTREND,8,317.34,335.94,274.4,-5.5,0.9,17.3,1.0,Industrials,Waste Management,16751505408,11.9,36.4,7.0,38.5,31.8,1.59,2.9,7,2.2,4.9
248,GRMN,https://www.tradingview.com/symbols/GRMN/,True,True,STRONG UPTREND,8,268.44,313.07,222.69,-14.3,0.84,43.6,1.0,Technology,Scientific & Technical Instruments,51769335808,11.4,35.3,24.5,27.7,24.1,,3.7,7,2.1,4.9
249,WFC,https://www.tradingview.com/symbols/WFC/,True,True,STRONG UPTREND,8,82.03,91.99,72.36,-10.8,0.96,20.8,1.0,Financial Services,Banks - Diversified,248058658816,9.5,25.0,27.2,11.9,10.2,1.78,2.4,7,2.4,4.9
250,RTX,https://www.tradingview.com/symbols/RTX/,True,True,STRONG UPTREND,8,184.32,226.41,169.51,-18.6,0.9,26.8,1.0,Industrials,Aerospace & Defense,248418779136,14.5,28.7,8.3,32.5,23.5,1.83,3.3,7,2.2,4.9
251,UNP,https://www.tradingview.com/symbols/UNP/,True,True,STRONG UPTREND,8,278.2,314.53,244.47,-11.6,0.81,27.7,1.0,Industrials,Railroads,165271814144,11.5,6.6,28.8,22.5,19.6,1.72,12.1,7,2.0,4.9
252,MMI,https://www.tradingview.com/symbols/MMI/,True,True,STRONG UPTREND,8,28.76,33.28,25.77,-13.6,1.24,22.1,1.0,Real Estate,Real Estate Services,1089170048,17.8,,1.8,77.7,30.9,,9.5,6,3.1,4.9
253,TMO,https://www.tradingview.com/symbols/TMO/,True,True,STRONG UPTREND,8,651.98,694.33,434.5,-6.1,1.04,81.1,1.6,Healthcare,Diagnostics & Research,241067835392,10.5,9.4,15.0,35.1,23.6,1.48,2.9,6,2.6,4.9
254,KFY,https://www.tradingview.com/symbols/KFY/,True,True,STRONG UPTREND,8,72.93,86.88,59.15,-16.1,1.21,49.4,1.0,Industrials,Staffing & Employment Services,4081079040,6.8,5.3,9.5,13.8,11.4,1.4,4.9,6,3.0,4.9
255,ENVA,https://www.tradingview.com/symbols/ENVA/,True,False,UPTREND,6,182.59,267.45,142.65,-31.7,0.98,60.6,1.2,Financial Services,Credit Services,4546193408,31.1,39.9,21.0,13.6,8.7,1.33,5.9,10,2.5,4.9
256,BNY,https://www.tradingview.com/symbols/BNY/,True,True,STRONG UPTREND,8,143.61,165.84,125.42,-13.4,0.89,40.2,1.0,Financial Services,Banks - Diversified,97439981568,13.1,26.9,29.4,16.8,13.9,2.12,3.7,7,2.2,4.9
257,RS,https://www.tradingview.com/symbols/RS/,True,True,STRONG UPTREND,8,396.91,432.62,313.84,-8.3,0.83,31.1,1.0,Basic Materials,Steel,20264065024,26.5,42.3,5.7,23.1,16.8,2.62,3.5,7,2.1,4.9
258,CNS,https://www.tradingview.com/symbols/CNS/,True,True,STRONG UPTREND,8,70.71,86.56,61.22,-18.3,0.9,32.6,1.0,Financial Services,Asset Management,3636016384,12.2,31.9,28.8,21.8,17.8,2.67,6.0,7,2.2,4.9
259,USFD,https://www.tradingview.com/symbols/USFD/,True,True,STRONG UPTREND,8,97.12,111.42,79.52,-12.8,0.86,32.4,1.0,Consumer Defensive,Food Distribution,21010040832,4.5,29.2,1.8,29.9,17.5,1.53,5.4,7,2.1,4.9
260,BXSL,https://www.tradingview.com/symbols/BXSL/,True,True,STRONG UPTREND,10,24.11,24.72,21.09,-2.5,1.17,16.2,1.0,Financial Services,Asset Management,5616908288,-7.1,-94.0,21.5,19.0,9.3,,8.7,3,2.9,4.9
261,CNK,https://www.tradingview.com/symbols/CNK/,True,True,STRONG UPTREND,8,36.77,39.07,25.63,-5.9,0.69,66.2,1.3,Communication Services,Entertainment,4262078976,15.5,88.6,6.4,20.4,14.0,2.0,3.6,7,1.7,4.9
262,ESNT,https://www.tradingview.com/symbols/ESNT/,True,True,STRONG UPTREND,8,63.59,70.07,55.06,-9.2,1.23,25.5,1.0,Financial Services,Insurance - Specialty,5715246592,13.6,7.8,51.5,8.9,8.0,2.38,4.8,6,3.1,4.9
263,FBK,https://www.tradingview.com/symbols/FBK/,True,False,UPTREND,6,52.91,62.65,50.62,-15.6,1.15,11.3,1.0,Financial Services,Banks - Regional,2644343296,130.2,1783.4,30.2,14.0,10.2,1.25,6.3,10,2.9,4.9
264,QTWO,https://www.tradingview.com/symbols/QTWO/,True,True,STRONG UPTREND,8,58.69,67.51,40.79,-13.1,0.73,63.9,1.3,Technology,Software - Application,3659597056,12.6,156.5,10.9,41.6,17.4,1.62,8.9,7,1.8,4.9
265,BXC,https://www.tradingview.com/symbols/BXC/,True,True,STRONG UPTREND,8,71.29,93.8,46.0,-24.0,1.09,103.7,2.1,Industrials,Industrial Distribution,560354880,4.4,50.0,-0.1,,25.0,2.0,3.2,5,2.7,4.9
266,FBP,https://www.tradingview.com/symbols/FBP/,True,True,STRONG UPTREND,8,26.67,29.67,21.99,-10.1,0.99,47.7,1.0,Financial Services,Banks - Regional,4071662848,9.4,24.4,39.0,11.2,10.3,1.57,6.4,7,2.5,4.9
267,TGT,https://www.tradingview.com/symbols/TGT/,True,True,STRONG UPTREND,8,154.76,170.75,114.85,-9.4,1.09,67.0,1.3,Consumer Defensive,Discount Stores,70306963456,5.3,100.5,4.1,16.1,16.2,2.47,3.7,6,2.7,4.9
268,FAF,https://www.tradingview.com/symbols/FAF/,True,True,STRONG UPTREND,8,62.81,79.13,59.74,-20.6,0.92,12.7,1.0,Financial Services,Insurance - Specialty,6412901376,15.0,50.4,9.3,8.7,8.6,1.33,8.8,7,2.3,4.9
269,HRI,https://www.tradingview.com/symbols/HRI/,True,True,STRONG UPTREND,8,123.86,175.13,97.65,-29.3,0.85,43.3,1.0,Industrials,Rental & Leasing Services,4140818688,20.2,,1.0,81.0,11.3,1.82,5.0,7,2.1,4.9
270,BMY,https://www.tradingview.com/symbols/BMY/,True,True,STRONG UPTREND,8,59.58,67.94,52.3,-12.3,1.13,32.6,1.0,Healthcare,Drug Manufacturers - General,121704939520,5.7,153.1,18.9,13.1,9.0,2.5,5.4,6,2.8,4.8
271,OPY,https://www.tradingview.com/symbols/OPY/,True,True,STRONG UPTREND,8,116.44,125.88,89.84,-7.5,1.03,39.5,1.0,Financial Services,Capital Markets,1246840192,24.1,24.6,6.0,12.9,45.5,,0.9,6,2.6,4.8
272,KSS,https://www.tradingview.com/symbols/KSS/,True,True,STRONG UPTREND,10,20.11,20.54,11.22,-2.1,1.13,75.1,1.5,Consumer Cyclical,Department Stores,2280000512,-0.9,-5.2,1.8,8.6,12.9,3.29,7.0,2,2.8,4.8
273,BOBS,https://www.tradingview.com/symbols/BOBS/,True,True,STRONG UPTREND,8,14.27,19.48,9.74,-26.7,0.78,78.6,1.6,Consumer Cyclical,Specialty Retail,1864904576,8.8,38.7,5.4,14.1,13.5,,11.0,6,2.0,4.8
274,BAM,https://www.tradingview.com/symbols/BAM/,True,False,UPTREND,6,45.17,55.44,43.19,-18.5,1.22,5.3,1.0,Financial Services,Asset Management,72147853312,60.8,47.4,48.9,26.0,20.9,2.21,8.1,9,3.0,4.8
275,TRGP,https://www.tradingview.com/symbols/TRGP/,True,True,STRONG UPTREND,8,288.49,307.94,228.16,-6.3,1.03,35.9,1.0,Energy,Oil & Gas Midstream,61861203968,4.2,23.3,13.5,27.6,24.0,1.36,4.7,6,2.6,4.8
276,CAH,https://www.tradingview.com/symbols/CAH/,True,True,STRONG UPTREND,8,238.96,257.7,179.64,-7.3,0.8,38.9,1.0,Healthcare,Medical Distribution,55333421056,5.8,68.8,0.7,33.1,17.0,1.53,4.5,7,2.0,4.8
277,BEN,https://www.tradingview.com/symbols/BEN/,True,True,STRONG UPTREND,8,32.4,35.91,24.1,-9.8,1.16,40.9,1.0,Financial Services,Asset Management,16461691904,14.3,106.7,8.7,22.0,10.2,2.62,5.4,6,2.9,4.8
278,RVTY,https://www.tradingview.com/symbols/RVTY/,True,True,STRONG UPTREND,8,152.16,166.25,81.17,-8.5,0.99,105.3,2.1,Healthcare,Diagnostics & Research,16978987008,1.3,1.2,8.2,72.8,25.8,2.39,3.6,5,2.5,4.8
279,BAX,https://www.tradingview.com/symbols/BAX/,True,True,STRONG UPTREND,8,23.9,29.99,16.16,-20.3,1.0,88.9,1.8,Healthcare,Medical Instruments & Supplies,12356204544,5.3,36.8,-9.3,,11.7,2.79,4.7,5,2.5,4.8
280,MKC,https://www.tradingview.com/symbols/MKC/,True,True,STRONG UPTREND,8,45.94,56.87,43.25,-19.2,1.48,6.7,1.0,Consumer Defensive,Packaged Foods,12360821760,17.4,-57.1,19.4,8.3,14.3,2.27,5.9,5,3.7,4.8
281,ARMK,https://www.tradingview.com/symbols/ARMK/,True,True,STRONG UPTREND,8,55.54,62.53,42.18,-11.2,0.73,51.6,1.0,Industrials,Specialty Business Services,14641734656,9.3,33.3,1.9,38.8,19.7,1.5,3.6,7,1.8,4.8
282,JXN,https://www.tradingview.com/symbols/JXN/,True,True,STRONG UPTREND,8,133.06,140.32,99.15,-5.2,0.92,61.0,1.2,Financial Services,Insurance - Life,9011986432,,291.6,1.6,146.2,4.1,2.25,7.6,6,2.3,4.8
283,IQV,https://www.tradingview.com/symbols/IQV/,True,True,STRONG UPTREND,8,258.88,277.4,154.5,-6.7,0.89,119.9,2.4,Healthcare,Diagnostics & Research,42611650560,8.7,-0.6,8.1,32.2,17.9,1.41,3.1,5,2.2,4.8
284,CHE,https://www.tradingview.com/symbols/CHE/,True,True,STRONG UPTREND,8,498.25,556.27,370.01,-10.4,0.87,66.0,1.3,Healthcare,Medical Care Facilities,6512108032,8.8,43.7,10.6,25.1,18.1,2.2,4.8,6,2.2,4.8
285,CUBI,https://www.tradingview.com/symbols/CUBI/,True,True,STRONG UPTREND,8,74.6,84.38,71.37,-11.6,1.2,7.9,1.0,Financial Services,Banks - Regional,2520271360,10.1,18.5,35.2,9.1,7.8,2.18,11.0,6,3.0,4.8
286,PRU,https://www.tradingview.com/symbols/PRU/,True,True,STRONG UPTREND,8,113.53,126.26,90.37,-10.1,0.95,54.4,1.1,Financial Services,Insurance - Life,39167848448,14.1,89.2,6.0,10.3,7.6,3.39,9.8,6,2.4,4.8
287,WSM,https://www.tradingview.com/symbols/WSM/,True,True,STRONG UPTREND,8,239.0,254.89,164.96,-6.2,1.07,56.8,1.1,Consumer Cyclical,Specialty Retail,28149223424,6.7,42.0,14.7,24.5,22.7,2.22,4.8,6,2.7,4.8
288,KBR,https://www.tradingview.com/symbols/KBR/,True,True,STRONG UPTREND,8,35.18,38.78,29.67,-9.3,1.18,12.3,1.0,Industrials,Engineering & Construction,4435063808,1.6,33.1,5.5,10.6,8.7,2.0,8.2,6,2.9,4.8
289,KWR,https://www.tradingview.com/symbols/KWR/,True,True,STRONG UPTREND,8,158.11,175.14,121.98,-9.7,1.1,42.9,1.0,Basic Materials,Specialty Chemicals,2720709888,10.2,,4.9,28.2,16.6,1.29,12.0,6,2.8,4.8
290,CRL,https://www.tradingview.com/symbols/CRL/,True,True,STRONG UPTREND,8,298.0,333.3,146.2,-10.6,1.27,142.7,2.9,Healthcare,Diagnostics & Research,14353982464,-2.7,,-6.0,,23.3,1.67,2.6,3,3.2,4.8
291,SWK,https://www.tradingview.com/symbols/SWK/,True,True,STRONG UPTREND,8,89.17,103.78,64.5,-14.1,1.03,61.0,1.2,Industrials,Tools & Accessories,13466153984,0.4,247.8,4.1,21.8,14.0,2.47,4.5,6,2.6,4.8
292,ASH,https://www.tradingview.com/symbols/ASH/,True,True,STRONG UPTREND,8,70.69,77.8,47.61,-9.1,1.0,69.1,1.4,Basic Materials,Specialty Chemicals,3237133312,7.3,,2.8,45.3,16.4,1.58,7.8,6,2.5,4.8
293,HTGC,https://www.tradingview.com/symbols/HTGC/,True,True,STRONG UPTREND,8,16.55,17.93,13.84,-7.7,0.78,39.0,1.0,Financial Services,Asset Management,3097564160,8.5,54.7,67.7,8.2,8.4,,6.1,7,2.0,4.8
294,NHC,https://www.tradingview.com/symbols/NHC/,True,True,STRONG UPTREND,8,225.17,238.57,155.47,-5.6,0.88,66.9,1.3,Healthcare,Medical Care Facilities,3526476288,8.8,67.1,9.0,25.3,523.7,,7.3,6,2.2,4.8
295,NATL,https://www.tradingview.com/symbols/NATL/,True,True,STRONG UPTREND,8,45.62,48.2,42.69,-5.4,1.16,9.7,1.0,Technology,Software - Application,3371178240,0.1,65.4,4.4,17.7,8.5,,6.7,6,2.9,4.8
296,PRK,https://www.tradingview.com/symbols/PRK/,True,True,STRONG UPTREND,8,178.46,213.83,162.01,-16.5,0.8,30.3,1.0,Financial Services,Banks - Regional,3223730176,25.7,8.8,31.3,15.9,13.4,3.0,7.6,7,2.0,4.8
297,WES,https://www.tradingview.com/symbols/WES/,True,True,STRONG UPTREND,8,45.82,50.07,38.28,-8.5,0.75,36.6,1.0,Energy,Oil & Gas Midstream,18931658752,30.0,13.8,29.0,14.5,12.0,2.4,9.0,7,1.9,4.8
298,PATH,https://www.tradingview.com/symbols/PATH/,True,True,STRONG UPTREND,8,13.25,18.83,9.2,-29.6,0.4,87.3,1.7,Technology,Software - Infrastructure,6905309184,13.4,2280.8,21.0,19.8,14.4,2.86,1.6,7,1.0,4.8
299,LAD,https://www.tradingview.com/symbols/LAD/,True,True,STRONG UPTREND,8,288.87,438.67,254.11,-34.1,1.07,53.4,1.1,Consumer Cyclical,Auto & Truck Dealerships,6350262784,2.2,16.9,1.9,9.6,6.8,1.8,9.7,6,2.7,4.8
300,MAIN,https://www.tradingview.com/symbols/MAIN/,True,True,STRONG UPTREND,8,54.47,58.73,47.24,-7.3,1.02,24.7,1.0,Financial Services,Asset Management,5093406208,3.9,15.3,78.5,10.9,14.0,2.57,22.0,6,2.5,4.8
301,CNO,https://www.tradingview.com/symbols/CNO/,True,True,STRONG UPTREND,8,53.55,57.4,41.16,-6.7,1.03,54.3,1.1,Financial Services,Insurance - Life,4954519040,11.6,46.2,6.0,18.5,10.6,3.0,2.3,6,2.6,4.8
302,ATI,https://www.tradingview.com/symbols/ATI/,True,True,STRONG UPTREND,8,188.13,243.57,142.35,-22.8,0.72,56.2,1.1,Industrials,Metal Fabrication,25617735680,10.6,55.7,10.1,55.2,29.5,1.11,2.3,7,1.8,4.8
303,SYF,https://www.tradingview.com/symbols/SYF/,True,True,STRONG UPTREND,8,73.72,81.92,67.76,-10.0,0.8,7.5,1.0,Financial Services,Credit Services,23986339840,0.6,3.6,35.5,7.5,7.0,1.78,5.8,7,2.0,4.8
304,VLTO,https://www.tradingview.com/symbols/VLTO/,True,True,STRONG UPTREND,8,96.48,102.11,79.8,-5.5,1.09,28.9,1.0,Industrials,Pollution & Treatment Controls,23521181696,7.5,10.1,17.3,24.3,20.2,1.88,4.5,6,2.7,4.8
305,JNJ,https://www.tradingview.com/symbols/JNJ/,True,True,STRONG UPTREND,8,256.48,281.07,218.03,-8.7,1.1,43.5,1.0,Healthcare,Drug Manufacturers - General,618090790912,6.6,-0.9,21.5,29.7,21.2,1.91,3.4,6,2.8,4.8
306,CVSA,https://www.tradingview.com/symbols/CVSA/,True,True,STRONG UPTREND,8,130.29,142.13,105.67,-8.3,0.8,18.9,1.0,Consumer Defensive,Education & Training Services,4411646464,9.7,43.2,12.9,17.4,13.0,1.75,5.8,7,2.0,4.8
307,ANRO,https://www.tradingview.com/symbols/ANRO/,True,True,STRONG UPTREND,8,24.03,37.48,17.9,-35.9,0.99,68.0,1.4,Healthcare,Biotechnology,942987776,,,,,-7.3,1.18,8.9,6,2.5,4.8
308,IBN,https://www.tradingview.com/symbols/IBN/,True,True,STRONG UPTREND,8,27.9,30.67,24.96,-9.0,0.79,21.2,1.0,Financial Services,Banks - Regional,100141645824,11.4,13.8,27.5,16.3,14.9,1.25,4.5,7,2.0,4.8
309,LYG,https://www.tradingview.com/symbols/LYG/,True,True,STRONG UPTREND,8,5.38,6.25,4.96,-13.9,1.08,26.3,1.0,Financial Services,Banks - Regional,77248503808,12.3,17.7,26.4,12.5,8.4,2.5,0.7,6,2.7,4.8
310,MTUS,https://www.tradingview.com/symbols/MTUS/,True,True,STRONG UPTREND,8,19.64,22.58,16.91,-13.0,1.0,15.8,1.0,Basic Materials,Steel,814063936,12.0,138.4,0.7,103.4,14.1,2.0,6.4,6,2.5,4.8
311,TXO,https://www.tradingview.com/symbols/TXO/,True,True,STRONG UPTREND,8,14.34,15.58,10.69,-8.0,0.64,50.8,1.0,Energy,Oil & Gas E&P,795101504,67.9,,-9.2,,9.2,1.0,4.8,7,1.6,4.8
312,MRK,https://www.tradingview.com/symbols/MRK/,True,True,STRONG UPTREND,8,142.38,156.0,106.5,-8.7,0.85,67.8,1.4,Healthcare,Drug Manufacturers - General,351275909120,5.1,,4.8,113.0,15.1,1.78,3.1,6,2.1,4.8
313,SAN,https://www.tradingview.com/symbols/SAN/,True,True,STRONG UPTREND,8,13.48,15.05,11.51,-10.4,0.93,46.8,1.0,Financial Services,Banks - Diversified,195175645184,10.2,8.7,33.5,13.1,9.4,,2.5,6,2.3,4.7
314,DE,https://www.tradingview.com/symbols/DE/,True,True,STRONG UPTREND,8,652.58,719.5,512.59,-9.3,0.85,40.4,1.0,Industrials,Farm & Heavy Construction Machinery,175952150528,4.9,7.4,10.2,36.3,28.6,1.96,3.9,6,2.1,4.7
315,SXC,https://www.tradingview.com/symbols/SXC/,True,True,STRONG UPTREND,8,9.75,10.68,5.85,-8.7,0.88,89.3,1.8,Basic Materials,Coking Coal,827529792,9.5,650.0,-2.9,,33.6,,4.0,5,2.2,4.7
316,WEX,https://www.tradingview.com/symbols/WEX/,True,True,STRONG UPTREND,8,174.41,203.99,125.29,-14.5,0.79,59.2,1.2,Technology,Software - Infrastructure,5944174080,14.2,57.1,12.6,17.4,8.2,2.4,5.0,6,2.0,4.7
317,ITGR,https://www.tradingview.com/symbols/ITGR/,True,True,STRONG UPTREND,10,126.65,126.8,77.05,-0.1,0.56,102.6,2.1,Healthcare,Medical Devices,4305728512,-2.6,-33.7,7.0,34.6,18.4,,3.5,2,1.4,4.7
318,SW,https://www.tradingview.com/symbols/SW/,True,True,STRONG UPTREND,8,41.45,51.52,35.21,-19.5,0.86,36.1,1.0,Consumer Cyclical,Packaging & Containers,21741475840,1.1,,1.6,43.6,12.1,1.29,5.7,6,2.1,4.7
319,AMCR,https://www.tradingview.com/symbols/AMCR/,True,True,STRONG UPTREND,8,41.88,48.25,35.15,-13.2,0.9,37.9,1.0,Consumer Cyclical,Packaging & Containers,19346286592,25.9,,4.7,17.6,9.7,2.07,6.2,6,2.2,4.7
320,BFH,https://www.tradingview.com/symbols/BFH/,True,True,STRONG UPTREND,8,100.73,114.28,77.28,-11.9,0.96,52.5,1.0,Financial Services,Credit Services,3869972992,3.8,21.2,21.4,7.8,7.3,2.18,6.1,6,2.4,4.7
321,ASB,https://www.tradingview.com/symbols/ASB/,True,True,STRONG UPTREND,8,28.76,32.21,26.61,-10.7,0.86,23.6,1.0,Financial Services,Banks - Regional,5431316480,23.5,-3.1,32.5,10.0,8.5,2.4,4.4,6,2.1,4.7
322,MMM,https://www.tradingview.com/symbols/MMM/,True,True,STRONG UPTREND,8,163.58,184.09,140.05,-11.1,0.84,39.3,1.0,Industrials,Conglomerates,84361879552,2.5,32.8,11.9,29.1,16.6,2.21,3.6,6,2.1,4.7
323,PAR,https://www.tradingview.com/symbols/PAR/,True,True,STRONG UPTREND,8,15.43,20.06,11.59,-23.1,0.8,44.6,1.0,Technology,Software - Application,638226624,18.7,,-14.5,,10.8,1.56,10.9,6,2.0,4.7
324,YEXT,https://www.tradingview.com/symbols/YEXT/,True,True,STRONG UPTREND,8,6.82,7.88,3.27,-13.5,0.65,149.9,3.0,Technology,Software - Infrastructure,675034752,-1.8,390.2,5.9,40.1,9.0,,5.6,4,1.6,4.7
325,HRB,https://www.tradingview.com/symbols/HRB/,True,True,STRONG UPTREND,8,44.59,58.14,28.54,-23.3,0.86,93.6,1.9,Consumer Cyclical,Personal Services,5461965824,3.0,4.5,18.6,7.8,6.4,3.2,10.6,5,2.1,4.7
326,RITM,https://www.tradingview.com/symbols/RITM/,True,True,STRONG UPTREND,8,8.62,10.18,8.4,-15.3,1.25,5.4,1.0,Real Estate,REIT - Mortgage,4813468672,9.7,-93.2,10.8,14.4,3.7,1.36,6.5,5,3.1,4.7
327,DAO,https://www.tradingview.com/symbols/DAO/,True,True,STRONG UPTREND,8,16.31,18.94,9.37,-13.9,0.34,98.6,2.0,Consumer Defensive,Education & Training Services,1967550720,3.5,,2.7,85.8,37.4,1.14,8.6,6,1.0,4.7
328,ALL,https://www.tradingview.com/symbols/ALL/,True,True,STRONG UPTREND,8,230.63,276.07,201.37,-16.5,0.95,39.6,1.0,Financial Services,Insurance - Property & Casualty,58316632064,11.8,61.2,19.0,4.6,8.2,2.52,4.0,6,2.4,4.7
329,DG,https://www.tradingview.com/symbols/DG/,True,True,STRONG UPTREND,8,124.27,133.47,98.57,-6.9,0.84,26.0,1.0,Consumer Defensive,Discount Stores,27416047616,5.2,33.3,3.9,16.1,15.0,2.32,2.2,6,2.1,4.7
330,AWK,https://www.tradingview.com/symbols/AWK/,True,True,STRONG UPTREND,8,128.18,142.37,119.77,-10.0,0.99,15.9,1.0,Utilities,Utilities - Regulated Water,25473081344,6.2,8.6,21.3,22.2,19.5,2.62,6.6,6,2.5,4.7
331,MICC,https://www.tradingview.com/symbols/MICC/,True,True,STRONG UPTREND,8,17.44,20.68,12.94,-15.7,1.11,67.8,1.4,Consumer Defensive,Packaged Foods,10531589120,4.2,,2.2,35.6,14.4,3.25,11.8,5,2.8,4.7
332,WTRG,https://www.tradingview.com/symbols/WTRG/,True,True,STRONG UPTREND,8,38.72,42.51,35.78,-8.9,1.24,18.7,1.0,Utilities,Utilities - Regulated Water,10982269952,3.1,-2.6,21.6,19.8,16.3,2.71,3.2,5,3.1,4.7
333,WWW,https://www.tradingview.com/symbols/WWW/,True,True,STRONG UPTREND,8,19.0,21.36,13.84,-11.0,1.38,42.8,1.0,Consumer Cyclical,Footwear & Accessories,1559260416,6.8,15.9,5.5,14.7,10.3,,8.1,5,3.4,4.7
334,CNMD,https://www.tradingview.com/symbols/CNMD/,True,True,STRONG UPTREND,8,45.11,53.66,31.44,-15.9,0.97,74.9,1.5,Healthcare,Medical Devices,1351100800,0.3,11.2,4.1,24.4,9.4,,7.0,5,2.4,4.7
335,NFJ,https://www.tradingview.com/symbols/NFJ/,True,True,STRONG UPTREND,8,14.36,15.44,12.53,-7.0,1.27,28.4,1.0,Financial Services,Asset Management,1351301248,-19.8,177.7,530.6,9.1,,,0.9,5,3.2,4.7
336,TRIN,https://www.tradingview.com/symbols/TRIN/,True,True,STRONG UPTREND,8,17.16,18.72,14.15,-8.3,0.93,37.0,1.0,Financial Services,Asset Management,1542472064,19.3,-22.0,45.2,9.8,8.1,,6.9,6,2.3,4.7
337,ZBH,https://www.tradingview.com/symbols/ZBH/,True,True,STRONG UPTREND,8,88.88,102.59,78.7,-13.4,0.97,23.1,1.0,Healthcare,Medical Devices,16952765440,4.8,33.8,9.5,21.6,9.8,2.46,5.2,6,2.4,4.7
338,GAM,https://www.tradingview.com/symbols/GAM/,True,True,STRONG UPTREND,8,64.06,68.57,60.72,-6.6,0.83,7.8,1.0,Financial Services,Asset Management,1526685056,0.9,22.5,1542.3,4.0,,,0.6,6,2.1,4.7
339,AVTR,https://www.tradingview.com/symbols/AVTR/,True,True,STRONG UPTREND,8,15.39,16.38,7.42,-6.0,0.92,167.4,3.3,Healthcare,Medical Instruments & Supplies,10409162752,0.5,-37.4,-8.8,,17.5,2.81,7.3,3,2.3,4.7
340,MGA,https://www.tradingview.com/symbols/MGA/,True,True,STRONG UPTREND,8,63.82,73.22,54.34,-12.8,0.8,21.8,1.0,Consumer Cyclical,Auto Parts,17073116160,3.3,27.8,1.8,23.5,8.2,2.45,6.5,6,2.0,4.7
341,OFG,https://www.tradingview.com/symbols/OFG/,True,True,STRONG UPTREND,8,50.92,54.09,41.29,-5.9,0.87,45.6,1.0,Financial Services,Banks - Regional,2152158976,10.4,20.9,33.9,10.0,9.9,2.6,9.1,6,2.2,4.7
342,NSP,https://www.tradingview.com/symbols/NSP/,True,True,STRONG UPTREND,8,49.74,55.25,23.92,-10.0,0.84,142.4,2.8,Industrials,Staffing & Employment Services,1899832832,1.7,,-0.2,,18.4,,9.4,4,2.1,4.7
343,MSA,https://www.tradingview.com/symbols/MSA/,True,True,STRONG UPTREND,8,178.1,196.0,155.34,-9.1,0.95,26.8,1.0,Industrials,Security & Protection Services,6870793216,6.2,40.3,16.1,22.2,17.9,,4.2,6,2.4,4.7
344,W,https://www.tradingview.com/symbols/W/,True,True,STRONG UPTREND,8,105.13,118.31,55.6,-11.1,0.72,102.4,2.0,Consumer Cyclical,Internet Retail,14399452160,7.5,,-2.5,,27.1,1.94,4.8,5,1.8,4.7
345,TNET,https://www.tradingview.com/symbols/TNET/,True,True,STRONG UPTREND,8,66.49,72.74,33.85,-8.6,0.89,140.1,2.8,Industrials,Staffing & Employment Services,3052205824,-4.4,49.4,3.6,17.7,13.5,2.57,5.4,4,2.2,4.7
346,GNW,https://www.tradingview.com/symbols/GNW/,True,True,STRONG UPTREND,8,9.74,10.69,8.27,-8.9,1.22,31.0,1.0,Financial Services,Insurance - Life,3680269056,5.3,,2.9,19.5,8.9,,2.8,5,3.0,4.7
347,ADM,https://www.tradingview.com/symbols/ADM/,True,True,STRONG UPTREND,8,82.45,88.75,65.21,-7.1,0.82,30.9,1.0,Consumer Defensive,Farm Products,39737565184,7.2,315.6,2.2,22.6,14.4,3.0,4.0,6,2.0,4.7
348,IX,https://www.tradingview.com/symbols/IX/,True,False,UPTREND,6,36.69,42.39,30.1,-13.4,1.89,36.1,1.0,Financial Services,Financial Conglomerates,39497039872,17.4,170.6,17.9,10.2,,3.0,2.1,7,4.7,4.7
349,NEU,https://www.tradingview.com/symbols/NEU/,True,True,STRONG UPTREND,8,903.63,978.32,603.33,-7.6,1.08,76.0,1.5,Basic Materials,Specialty Chemicals,8310148608,7.0,22.9,15.8,19.4,35.0,,4.8,5,2.7,4.7
350,ATR,https://www.tradingview.com/symbols/ATR/,True,True,STRONG UPTREND,8,121.81,139.57,110.56,-12.7,1.2,12.8,1.0,Healthcare,Medical Instruments & Supplies,7744817152,6.3,-18.6,9.2,22.0,19.5,1.44,5.0,5,3.0,4.7
351,EE,https://www.tradingview.com/symbols/EE/,True,False,UPTREND,6,34.67,40.78,30.68,-15.0,1.05,16.7,1.0,Energy,Oil & Gas Midstream,3931650816,61.0,146.7,3.2,23.9,15.5,1.69,6.1,9,2.6,4.7
352,VIRT,https://www.tradingview.com/symbols/VIRT/,True,True,STRONG UPTREND,8,57.81,68.51,46.47,-15.6,1.23,42.9,1.0,Financial Services,Capital Markets,5104662528,29.1,-1.2,16.9,9.6,8.1,2.43,3.2,5,3.1,4.7
353,MRSH,https://www.tradingview.com/symbols/MRSH/,True,True,STRONG UPTREND,8,176.67,197.34,154.82,-10.5,1.08,22.0,1.0,Financial Services,Insurance Brokers,84308910080,6.2,7.3,14.2,21.6,15.5,2.52,2.8,5,2.7,4.6
354,UBS,https://www.tradingview.com/symbols/UBS/,True,True,STRONG UPTREND,8,47.06,55.99,39.79,-15.9,1.12,42.8,1.0,Financial Services,Banks - Diversified,144085581824,14.6,20.6,17.9,16.0,11.5,2.33,3.5,5,2.8,4.6
355,BIO-B,https://www.tradingview.com/symbols/BIO-B/,True,True,STRONG UPTREND,10,365.08,365.08,244.54,0.0,0.0,69.5,1.4,Healthcare,Medical Devices,9761572864,-0.1,18.7,8.6,46.3,,,1.0,3,1.0,4.6
356,PHR,https://www.tradingview.com/symbols/PHR/,True,True,STRONG UPTREND,8,10.66,13.01,7.8,-18.1,0.79,45.3,1.0,Healthcare,Health Information Services,661676224,10.4,200.0,2.1,62.7,6.7,2.0,3.8,6,2.0,4.6
357,GFF,https://www.tradingview.com/symbols/GFF/,True,True,STRONG UPTREND,8,92.15,108.33,74.7,-14.9,1.05,30.3,1.0,Industrials,Building Products & Equipment,4226610176,7.0,,7.0,19.9,15.1,,6.0,5,2.6,4.6
358,OGN,https://www.tradingview.com/symbols/OGN/,True,True,STRONG UPTREND,10,13.75,13.8,5.8,-0.4,0.82,48.9,1.0,Healthcare,Drug Manufacturers - General,3610879744,-2.3,-28.3,3.4,17.6,3.8,,5.5,2,2.0,4.6
359,QGEN,https://www.tradingview.com/symbols/QGEN/,True,True,STRONG UPTREND,8,44.53,47.28,32.24,-5.8,1.15,51.3,1.0,Healthcare,Diagnostics & Research,9195222016,0.3,7.9,19.5,22.6,17.0,2.19,3.0,5,2.9,4.6
360,CQP,https://www.tradingview.com/symbols/CQP/,True,True,STRONG UPTREND,8,63.81,71.25,55.79,-10.4,0.78,18.2,1.0,Energy,Oil & Gas Midstream,30887723008,5.2,136.1,27.3,11.6,13.6,3.86,5.7,6,2.0,4.6
361,SSMR,https://www.tradingview.com/symbols/SSMR/,True,True,STRONG UPTREND,8,14.63,19.61,12.51,-25.4,0.66,60.6,1.2,Basic Materials,Other Industrial Metals & Mining,2102720256,,,,,-52.2,1.67,4.4,6,1.7,4.6
362,SLF,https://www.tradingview.com/symbols/SLF/,True,True,STRONG UPTREND,8,76.65,83.65,63.64,-8.4,0.69,37.0,1.0,Financial Services,Insurance - Diversified,42619363328,7.5,43.2,9.5,17.9,12.6,2.43,3.7,6,1.7,4.6
363,ABT,https://www.tradingview.com/symbols/ABT/,True,True,STRONG UPTREND,8,98.49,117.34,81.39,-16.1,1.15,43.5,1.0,Healthcare,Medical Devices,170425450496,13.0,-47.5,11.6,31.8,16.2,1.46,2.5,5,2.9,4.6
364,MNTN,https://www.tradingview.com/symbols/MNTN/,True,True,STRONG UPTREND,8,10.42,13.66,7.67,-23.7,0.65,59.7,1.2,Technology,Software - Application,779448960,20.6,,18.0,9.5,8.0,,4.7,6,1.6,4.6
365,BLK,https://www.tradingview.com/symbols/BLK/,True,False,UPTREND,6,1065.35,1181.11,942.37,-9.8,0.85,16.1,1.0,Financial Services,Asset Management,173094010880,30.6,19.6,24.1,25.5,16.6,1.44,3.7,9,2.1,4.6
366,STVN,https://www.tradingview.com/symbols/STVN/,True,True,STRONG UPTREND,8,19.21,23.25,13.34,-17.4,0.85,67.7,1.4,Healthcare,Medical Instruments & Supplies,5246753792,7.8,-26.5,11.0,33.7,23.0,1.86,3.0,5,2.1,4.6
367,DGX,https://www.tradingview.com/symbols/DGX/,True,True,STRONG UPTREND,8,230.81,247.92,184.79,-6.9,1.09,59.0,1.2,Healthcare,Diagnostics & Research,25475274752,10.2,15.0,9.2,24.5,19.2,2.12,3.9,5,2.7,4.6
368,CP,https://www.tradingview.com/symbols/CP/,True,True,STRONG UPTREND,8,84.35,96.69,79.61,-12.8,0.67,14.2,1.0,Industrials,Railroads,74150330368,12.6,-13.5,25.0,27.1,20.1,1.8,10.5,6,1.7,4.6
369,TRV,https://www.tradingview.com/symbols/TRV/,True,True,STRONG UPTREND,8,370.27,397.34,284.94,-6.8,0.58,60.6,1.2,Financial Services,Insurance - Property & Casualty,77229072384,0.3,57.1,17.0,9.9,12.2,2.97,4.2,6,1.4,4.6
370,KFRC,https://www.tradingview.com/symbols/KFRC/,True,True,STRONG UPTREND,8,52.35,61.2,27.64,-14.5,0.63,102.0,2.0,Industrials,Staffing & Employment Services,937536128,4.5,23.8,2.7,24.7,17.0,2.2,6.1,5,1.6,4.6
371,MFC,https://www.tradingview.com/symbols/MFC/,True,True,STRONG UPTREND,8,42.12,44.95,35.59,-6.3,0.71,38.3,1.0,Financial Services,Insurance - Life,69678964736,10.7,22.4,20.3,15.8,12.0,2.07,2.9,6,1.8,4.6
372,SPB,https://www.tradingview.com/symbols/SPB/,True,True,STRONG UPTREND,8,77.58,98.53,70.82,-21.3,1.09,16.7,1.0,Consumer Defensive,Household & Personal Products,1783998336,7.7,,2.8,23.4,13.5,2.12,12.7,5,2.7,4.6
373,MPLX,https://www.tradingview.com/symbols/MPLX/,True,True,STRONG UPTREND,8,57.32,60.39,52.37,-5.1,0.67,22.4,1.0,Energy,Oil & Gas Midstream,58114355200,10.6,3.2,39.3,12.3,11.9,2.4,5.8,6,1.7,4.6
374,COR,https://www.tradingview.com/symbols/COR/,True,True,STRONG UPTREND,8,321.35,338.71,243.78,-5.1,0.76,26.6,1.0,Healthcare,Medical Distribution,61322309632,5.1,11.9,0.8,23.9,16.2,1.71,3.8,6,1.9,4.6
375,SOLV,https://www.tradingview.com/symbols/SOLV/,True,True,STRONG UPTREND,8,86.41,94.16,63.94,-8.2,0.97,61.0,1.2,Healthcare,Medical Instruments & Supplies,14709032960,2.2,3.9,17.3,10.6,12.0,2.2,5.3,5,2.4,4.6
376,DFIN,https://www.tradingview.com/symbols/DFIN/,True,True,STRONG UPTREND,8,50.2,54.4,36.11,-7.7,1.02,22.9,1.0,Technology,Software - Application,1234186240,2.8,12.5,4.5,34.4,9.2,,4.9,5,2.5,4.6
377,EVTC,https://www.tradingview.com/symbols/EVTC/,True,True,STRONG UPTREND,8,29.34,34.41,21.74,-14.7,1.08,22.5,1.0,Technology,Software - Infrastructure,1753139712,19.7,-85.7,9.8,19.1,6.7,2.33,7.0,5,2.7,4.6
378,CFR,https://www.tradingview.com/symbols/CFR/,True,True,STRONG UPTREND,8,152.36,169.71,131.51,-10.2,0.78,39.7,1.0,Financial Services,Banks - Regional,9468988416,6.1,12.8,30.2,14.4,12.7,2.53,8.7,6,2.0,4.6
379,SCL,https://www.tradingview.com/symbols/SCL/,True,True,STRONG UPTREND,8,61.04,66.33,47.67,-8.0,0.97,60.1,1.2,Basic Materials,Specialty Chemicals,1386421376,15.0,101.6,-0.1,,16.5,,5.6,5,2.4,4.6
380,SBH,https://www.tradingview.com/symbols/SBH/,True,True,STRONG UPTREND,8,16.03,17.29,11.54,-7.3,1.13,53.6,1.1,Consumer Cyclical,Specialty Retail,1500765312,0.2,25.0,5.2,8.3,7.2,,18.2,5,2.8,4.6
381,AMTB,https://www.tradingview.com/symbols/AMTB/,True,True,STRONG UPTREND,10,29.03,30.51,21.11,-4.8,0.73,68.3,1.4,Financial Services,Banks - Regional,1137681536,-7.9,-3.6,14.4,20.9,10.3,2.5,6.6,2,1.8,4.6
382,PH,https://www.tradingview.com/symbols/PH/,True,True,STRONG UPTREND,8,946.96,1097.73,813.37,-13.7,0.67,18.4,1.0,Industrials,Specialty Industrial Machinery,119423418368,9.8,19.3,17.0,33.2,24.0,1.73,2.4,6,1.7,4.6
383,CNI,https://www.tradingview.com/symbols/CNI/,True,True,STRONG UPTREND,8,116.84,130.84,105.85,-10.7,0.69,25.1,1.0,Industrials,Railroads,70583042048,11.3,10.2,26.9,20.7,18.5,2.23,4.0,6,1.7,4.6
384,AVY,https://www.tradingview.com/symbols/AVY/,True,True,STRONG UPTREND,8,167.62,186.82,150.83,-10.3,0.76,18.3,1.0,Consumer Cyclical,Packaging & Containers,12703608832,10.9,10.8,7.6,18.4,15.0,1.55,2.0,6,1.9,4.6
385,RNG,https://www.tradingview.com/symbols/RNG/,True,False,UPTREND,6,78.35,81.9,32.93,-4.3,0.72,163.8,3.3,Technology,Software - Application,6542707712,5.9,221.4,4.3,62.7,14.0,,4.7,6,1.8,4.5
386,ITW,https://www.tradingview.com/symbols/ITW/,True,True,STRONG UPTREND,8,264.71,299.98,239.04,-11.8,0.99,16.5,1.0,Industrials,Specialty Industrial Machinery,75389403136,6.1,10.1,19.4,24.0,21.4,3.19,8.2,5,2.5,4.5
387,THQ,https://www.tradingview.com/symbols/THQ/,True,True,STRONG UPTREND,8,17.45,19.8,16.55,-11.9,0.98,21.7,1.0,Financial Services,Asset Management,723083968,,,,,,,0.4,5,2.5,4.5
388,AKO-A,https://www.tradingview.com/symbols/AKO-A/,True,True,STRONG UPTREND,8,24.0,26.0,20.01,-7.7,0.94,21.6,1.0,Consumer Defensive,Beverages - Non-Alcoholic,3786282240,11.1,0.1,8.3,12.9,,,0.4,5,2.3,4.5
389,DCI,https://www.tradingview.com/symbols/DCI/,True,True,STRONG UPTREND,8,87.16,99.16,79.05,-12.1,0.97,13.9,1.0,Industrials,Specialty Industrial Machinery,10094918656,8.0,14.0,11.7,22.6,17.9,2.62,4.7,5,2.4,4.5
390,SSB,https://www.tradingview.com/symbols/SSB/,True,True,STRONG UPTREND,8,100.57,112.2,90.58,-10.4,0.92,25.6,1.0,Financial Services,Banks - Regional,9752728576,-0.1,11.4,35.5,10.6,9.7,1.57,4.9,5,2.3,4.5
391,SVV,https://www.tradingview.com/symbols/SVV/,True,True,STRONG UPTREND,8,9.28,12.69,6.95,-26.9,0.95,44.4,1.0,Consumer Cyclical,Specialty Retail,1422016640,7.4,16.7,1.4,61.9,15.3,,6.2,5,2.4,4.5
392,ALLE,https://www.tradingview.com/symbols/ALLE/,True,True,STRONG UPTREND,8,149.99,170.27,124.05,-11.9,0.81,39.8,1.0,Industrials,Security & Protection Services,12754667520,12.7,16.2,15.4,19.7,15.3,2.0,2.2,5,2.0,4.5
393,GM,https://www.tradingview.com/symbols/GM/,True,True,STRONG UPTREND,8,82.25,91.66,70.13,-10.3,0.94,21.2,1.0,Consumer Cyclical,Auto Manufacturers,72170389504,1.9,-26.2,1.1,36.9,5.5,1.62,3.5,5,2.3,4.5
394,SJM,https://www.tradingview.com/symbols/SJM/,True,True,STRONG UPTREND,8,119.41,135.89,86.47,-12.1,0.81,65.3,1.3,Consumer Defensive,Packaged Foods,12755757056,5.0,,2.5,55.8,10.9,2.11,3.4,5,2.0,4.5
395,AIT,https://www.tradingview.com/symbols/AIT/,True,True,STRONG UPTREND,8,332.12,374.27,275.4,-11.3,0.9,29.5,1.0,Industrials,Industrial Distribution,12200060928,10.4,13.4,8.3,30.3,25.1,,3.3,5,2.2,4.5
396,MT,https://www.tradingview.com/symbols/MT/,True,True,STRONG UPTREND,8,61.3,79.68,54.71,-23.1,1.24,40.5,1.0,Basic Materials,Steel,46124666880,5.2,-61.7,2.9,25.9,8.6,2.0,1.2,4,3.1,4.5
397,ETG,https://www.tradingview.com/symbols/ETG/,True,True,STRONG UPTREND,8,23.01,24.44,20.31,-5.9,0.81,21.5,1.0,Financial Services,Asset Management,1756167040,-3.5,18361.6,567.9,4.0,,,0.1,5,2.0,4.5
398,DRI,https://www.tradingview.com/symbols/DRI/,True,True,STRONG UPTREND,8,200.52,229.76,185.41,-12.7,0.96,17.4,1.0,Consumer Cyclical,Restaurants,22687479808,5.1,-6.7,8.8,19.5,16.2,1.82,6.1,5,2.4,4.5
399,CHD,https://www.tradingview.com/symbols/CHD/,True,True,STRONG UPTREND,8,97.73,103.99,89.48,-6.0,1.0,7.5,1.0,Consumer Defensive,Household & Personal Products,23181938688,1.6,9.0,12.0,31.3,24.2,2.24,5.9,5,2.5,4.5
400,GPN,https://www.tradingview.com/symbols/GPN/,True,True,STRONG UPTREND,8,82.77,95.61,60.75,-13.4,0.74,66.9,1.3,Industrials,Specialty Business Services,21902462976,68.6,-95.2,-9.2,38.9,5.2,2.36,6.6,5,1.9,4.5
401,BMEZ,https://www.tradingview.com/symbols/BMEZ/,True,True,STRONG UPTREND,8,16.26,17.13,13.32,-5.1,0.97,50.9,1.0,Financial Services,Asset Management,1016272832,,,,4.8,,,0.5,5,2.4,4.5
402,PDX,https://www.tradingview.com/symbols/PDX/,True,True,STRONG UPTREND,8,20.76,21.96,19.81,-5.5,0.85,7.6,1.0,Financial Services,Asset Management,928116224,,,,21.9,,,0.9,5,2.1,4.5
403,EVT,https://www.tradingview.com/symbols/EVT/,True,True,STRONG UPTREND,8,27.72,29.4,24.25,-5.7,1.24,31.1,1.0,Financial Services,Asset Management,2066325888,-12.7,,754.8,4.3,,,1.4,4,3.1,4.5
404,BSTZ,https://www.tradingview.com/symbols/BSTZ/,True,True,STRONG UPTREND,8,29.91,31.76,21.44,-5.8,0.84,45.8,1.0,Financial Services,Asset Management,2056137600,,,,2.0,,,0.5,5,2.1,4.5
405,VG,https://www.tradingview.com/symbols/VG/,True,False,UPTREND,6,13.29,16.26,10.23,-18.3,0.76,29.2,1.0,Energy,Oil & Gas Midstream,33226235904,47.6,264.3,22.1,10.5,13.3,2.11,3.1,9,1.9,4.5
406,ASAN,https://www.tradingview.com/symbols/ASAN/,True,True,STRONG UPTREND,8,9.87,10.51,5.38,-6.1,0.71,100.7,2.0,Technology,Software - Application,2259934976,9.9,,-18.6,,21.7,2.67,4.0,4,1.8,4.5
407,HPQ,https://www.tradingview.com/symbols/HPQ/,True,True,STRONG UPTREND,8,32.44,36.23,17.74,-10.5,0.69,116.5,2.3,Technology,Computer Hardware,29254098944,12.5,-11.3,4.1,12.4,10.3,,4.5,4,1.7,4.5
408,XYZ,https://www.tradingview.com/symbols/XYZ/,True,True,STRONG UPTREND,8,75.23,86.92,59.65,-13.4,1.0,32.4,1.0,Technology,Software - Infrastructure,45197811712,9.3,-83.3,1.4,134.3,14.5,1.6,3.4,5,2.5,4.5
409,OSK,https://www.tradingview.com/symbols/OSK/,True,True,STRONG UPTREND,8,127.35,160.09,115.83,-20.5,0.88,5.8,1.0,Industrials,Farm & Heavy Construction Machinery,7862556672,6.7,-7.6,5.2,14.6,9.0,1.94,4.3,5,2.2,4.5
410,AMP,https://www.tradingview.com/symbols/AMP/,True,True,STRONG UPTREND,8,499.08,572.56,431.89,-12.8,0.96,43.2,1.0,Financial Services,Asset Management,44085342208,11.6,11.7,19.9,12.0,9.6,2.5,6.2,5,2.4,4.5
411,THG,https://www.tradingview.com/symbols/THG/,True,True,STRONG UPTREND,8,221.93,235.07,173.57,-5.6,0.93,55.4,1.1,Financial Services,Insurance - Property & Casualty,7727651328,4.3,24.9,11.2,10.6,11.3,2.62,2.8,5,2.3,4.5
412,AXTA,https://www.tradingview.com/symbols/AXTA/,True,True,STRONG UPTREND,8,32.81,38.61,26.36,-15.0,1.38,44.6,1.0,Basic Materials,Specialty Chemicals,7021996544,3.1,-18.0,6.8,20.1,11.4,2.19,4.8,4,3.4,4.5
413,FDS,https://www.tradingview.com/symbols/FDS/,True,True,STRONG UPTREND,8,286.52,320.48,196.3,-10.6,0.81,63.4,1.3,Financial Services,Financial Data & Stock Exchanges,10190239744,6.3,-15.2,21.5,19.7,13.2,3.22,4.2,5,2.0,4.5
414,DKL,https://www.tradingview.com/symbols/DKL/,True,True,STRONG UPTREND,8,56.6,60.34,46.11,-6.2,0.33,34.6,1.0,Energy,Oil & Gas Refining & Marketing,3271326976,56.2,-34.9,12.8,19.6,14.8,,1.9,6,1.0,4.5
415,PAG,https://www.tradingview.com/symbols/PAG/,True,True,STRONG UPTREND,8,198.05,225.51,147.21,-12.2,1.13,76.7,1.5,Consumer Cyclical,Auto & Truck Dealerships,13004531712,6.0,-1.7,2.8,13.9,13.8,2.7,6.9,4,2.8,4.5
416,IVZ,https://www.tradingview.com/symbols/IVZ/,True,True,STRONG UPTREND,8,30.09,33.66,22.92,-10.6,0.9,54.7,1.1,Financial Services,Asset Management,13284728832,20.5,,-0.9,,9.2,2.33,3.8,5,2.2,4.5
417,CPK,https://www.tradingview.com/symbols/CPK/,True,True,STRONG UPTREND,8,128.16,140.03,117.75,-8.5,0.93,13.7,1.0,Utilities,Utilities - Regulated Gas,3236641536,4.7,2.9,15.1,20.4,17.4,2.0,6.7,5,2.3,4.5
418,AVNT,https://www.tradingview.com/symbols/AVNT/,True,True,STRONG UPTREND,8,40.98,46.33,31.78,-11.6,0.89,43.5,1.0,Basic Materials,Specialty Chemicals,3758667264,5.8,22.8,5.1,22.2,11.7,,5.9,5,2.2,4.5
419,OII,https://www.tradingview.com/symbols/OII/,True,True,STRONG UPTREND,8,44.58,54.25,34.72,-17.8,0.76,71.9,1.4,Energy,Oil & Gas Equipment & Services,4437031936,10.0,20.4,12.2,12.9,19.2,,8.2,5,1.9,4.5
420,SLG,https://www.tradingview.com/symbols/SLG/,True,True,STRONG UPTREND,8,48.94,59.33,36.25,-17.5,0.82,60.1,1.2,Real Estate,REIT - Office,3755079168,27.3,,-16.7,,-64.4,2.47,15.0,5,2.0,4.5
421,CNH,https://www.tradingview.com/symbols/CNH/,True,True,STRONG UPTREND,8,12.13,14.46,9.74,-16.1,0.85,49.9,1.0,Industrials,Farm & Heavy Construction Machinery,19506964480,2.0,-35.3,1.7,48.5,17.7,1.82,2.1,5,2.1,4.5
422,HOMB,https://www.tradingview.com/symbols/HOMB/,True,True,STRONG UPTREND,8,28.48,31.54,25.31,-9.7,0.97,30.8,1.0,Financial Services,Banks - Regional,5697413632,8.6,-1.6,43.6,11.8,10.9,2.3,7.3,5,2.4,4.5
423,CNNE,https://www.tradingview.com/symbols/CNNE/,True,True,STRONG UPTREND,10,15.9,16.04,11.79,-0.9,0.71,43.0,1.0,Consumer Cyclical,Restaurants,689650240,-7.3,,-38.2,,-11.2,,9.2,2,1.8,4.5
424,NML,https://www.tradingview.com/symbols/NML/,True,True,STRONG UPTREND,8,10.23,10.91,9.23,-6.2,0.91,17.2,1.0,Financial Services,Asset Management,579620800,,,,4.2,,,1.1,5,2.3,4.5
425,MTG,https://www.tradingview.com/symbols/MTG/,True,True,STRONG UPTREND,8,27.87,31.71,24.55,-12.1,1.33,29.9,1.0,Financial Services,Insurance - Specialty,5716829184,-2.9,6.2,59.2,8.7,8.0,2.83,5.0,4,3.3,4.5
426,MSI,https://www.tradingview.com/symbols/MSI/,True,True,STRONG UPTREND,8,447.12,493.57,379.13,-9.4,0.86,26.6,1.0,Technology,Communication Equipment,73995583488,13.3,9.5,17.4,35.2,23.0,,3.2,5,2.1,4.5
427,CAPL,https://www.tradingview.com/symbols/CAPL/,True,True,STRONG UPTREND,8,21.58,24.63,19.7,-12.4,0.78,19.4,1.0,Energy,Oil & Gas Refining & Marketing,823778880,25.9,-18.3,1.6,15.8,18.8,,1.3,5,2.0,4.4
428,VYX,https://www.tradingview.com/symbols/VYX/,True,True,STRONG UPTREND,8,6.9,10.14,6.14,-32.0,1.14,25.5,1.0,Technology,Information Technology Services,952682368,-20.8,,3.0,24.6,6.7,1.67,11.0,4,2.8,4.4
429,SCCO,https://www.tradingview.com/symbols/SCCO/,True,False,UPTREND,6,198.66,220.78,158.5,-10.0,0.81,32.5,1.0,Basic Materials,Copper,167737311232,40.6,71.6,35.9,29.7,26.4,3.78,8.8,8,2.0,4.4
430,NSC,https://www.tradingview.com/symbols/NSC/,True,True,STRONG UPTREND,8,316.99,357.19,290.53,-11.3,0.65,16.9,1.0,Industrials,Railroads,71198605312,11.4,-4.4,21.0,27.0,22.2,2.57,6.4,5,1.6,4.4
431,AEG,https://www.tradingview.com/symbols/AEG/,True,True,STRONG UPTREND,8,8.27,9.35,7.31,-11.6,1.48,38.6,1.0,Financial Services,Insurance - Diversified,12239523840,-8.2,7.9,8.6,12.0,8.8,,0.7,3,3.7,4.4
432,INSP,https://www.tradingview.com/symbols/INSP/,True,True,STRONG UPTREND,8,66.69,78.8,38.91,-15.4,1.16,88.3,1.8,Healthcare,Medical Devices,1928033024,-7.6,,15.0,14.7,43.2,2.78,6.2,3,2.9,4.4
433,UL,https://www.tradingview.com/symbols/UL/,True,True,STRONG UPTREND,8,61.94,66.89,54.29,-7.4,0.76,27.1,1.0,Consumer Defensive,Household & Personal Products,133390204928,0.5,-5.6,18.3,12.5,16.3,1.6,1.2,5,1.9,4.4
434,UHAL,https://www.tradingview.com/symbols/UHAL/,True,True,STRONG UPTREND,8,57.8,76.45,48.21,-24.4,0.92,60.1,1.2,Industrials,Rental & Leasing Services,11299565568,3.2,-13.5,1.0,412.9,27.8,,11.2,4,2.3,4.4
435,NTB,https://www.tradingview.com/symbols/NTB/,True,True,STRONG UPTREND,8,57.85,64.17,53.35,-9.8,0.77,20.6,1.0,Financial Services,Banks - Diversified,2275048960,8.2,-7.2,37.5,10.2,7.9,2.25,5.3,5,1.9,4.4
436,RYAN,https://www.tradingview.com/symbols/RYAN/,True,True,STRONG UPTREND,8,37.79,48.06,29.07,-21.4,1.11,52.0,1.0,Financial Services,Insurance Brokers,9684405248,7.4,-14.3,3.1,53.2,15.5,2.32,7.9,4,2.8,4.4
437,CNC,https://www.tradingview.com/symbols/CNC/,True,True,STRONG UPTREND,8,64.54,69.63,36.42,-7.3,0.9,75.6,1.5,Healthcare,Healthcare Plans,31882438656,4.6,,-2.8,,12.1,2.38,3.6,4,2.2,4.4
438,VAC,https://www.tradingview.com/symbols/VAC/,True,True,STRONG UPTREND,8,104.21,130.3,63.97,-20.0,0.61,98.5,2.0,Consumer Cyclical,Resorts & Casinos,3584336384,9.7,19.5,-9.8,,10.8,2.18,3.9,4,1.5,4.4
439,BILL,https://www.tradingview.com/symbols/BILL/,True,True,STRONG UPTREND,8,44.98,52.6,31.41,-14.5,0.65,65.0,1.3,Technology,Software - Application,3835749632,13.8,,-0.7,,10.4,1.95,5.1,5,1.6,4.4
440,DOCS,https://www.tradingview.com/symbols/DOCS/,True,True,STRONG UPTREND,8,29.38,40.0,17.15,-26.6,0.69,40.7,1.0,Healthcare,Health Information Services,5236867072,7.3,-51.9,25.5,34.6,18.9,2.62,4.6,5,1.7,4.4
441,HLN,https://www.tradingview.com/symbols/HLN/,True,True,STRONG UPTREND,8,9.26,10.26,8.59,-9.7,1.18,5.3,1.0,Healthcare,Drug Manufacturers - Specialty & Generic,40722141184,2.2,-4.5,14.6,18.9,15.0,2.2,1.9,4,2.9,4.4
442,PJT,https://www.tradingview.com/symbols/PJT/,True,False,UPTREND,6,135.8,187.57,132.14,-27.6,1.34,8.1,1.0,Financial Services,Capital Markets,5784700416,19.5,37.5,10.6,18.6,15.6,2.71,5.1,7,3.4,4.4
443,TFX,https://www.tradingview.com/symbols/TFX/,True,True,STRONG UPTREND,8,124.19,144.64,117.46,-14.1,1.13,5.2,1.0,Healthcare,Medical Instruments & Supplies,5262227968,28.9,-17.3,-45.8,,11.3,2.38,6.7,4,2.8,4.4
444,GPC,https://www.tradingview.com/symbols/GPC/,True,True,STRONG UPTREND,8,128.17,138.81,89.11,-7.7,0.72,70.5,1.4,Consumer Cyclical,Auto Parts,17669484544,6.0,-9.8,0.1,512.7,15.4,2.18,7.5,4,1.8,4.3
445,BLCO,https://www.tradingview.com/symbols/BLCO/,True,True,STRONG UPTREND,8,17.15,18.47,14.65,-7.1,0.9,20.2,1.0,Healthcare,Medical Instruments & Supplies,6125383680,9.1,,-3.2,,15.4,2.27,7.5,4,2.2,4.3
446,OMF,https://www.tradingview.com/symbols/OMF/,True,True,STRONG UPTREND,8,56.42,66.35,50.79,-15.0,0.89,27.8,1.0,Financial Services,Credit Services,6490639872,-2.7,-5.9,25.9,8.5,6.6,1.87,4.7,4,2.2,4.3
447,AKO-B,https://www.tradingview.com/symbols/AKO-B/,True,True,STRONG UPTREND,8,29.59,32.02,25.09,-7.6,0.51,18.8,1.0,Consumer Defensive,Beverages - Non-Alcoholic,4668170752,11.1,0.1,8.3,15.9,17.7,,0.1,5,1.3,4.3
448,MKC-V,https://www.tradingview.com/symbols/MKC-V/,True,True,STRONG UPTREND,8,47.74,59.99,43.9,-20.4,0.5,13.0,1.0,Consumer Defensive,Packaged Foods,12845138944,17.4,-57.1,19.4,8.6,,,0.7,5,1.2,4.3
449,KKR,https://www.tradingview.com/symbols/KKR/,True,False,UPTREND,6,89.56,116.57,87.33,-23.2,1.18,5.3,1.0,Financial Services,Asset Management,82716762112,7.8,40.0,12.2,28.6,12.2,1.61,3.7,7,2.9,4.3
450,FET,https://www.tradingview.com/symbols/FET/,True,False,UPTREND,6,84.37,89.93,46.51,-6.2,0.96,99.6,2.0,Energy,Oil & Gas Equipment & Services,967951616,13.2,72.1,-0.2,,17.0,,3.5,6,2.4,4.3
451,RHI,https://www.tradingview.com/symbols/RHI/,True,True,STRONG UPTREND,8,34.1,46.09,22.22,-26.0,1.03,112.7,2.3,Industrials,Staffing & Employment Services,3490537984,-2.4,-36.3,2.2,29.7,17.3,,9.6,2,2.6,4.3
452,SKY,https://www.tradingview.com/symbols/SKY/,True,True,STRONG UPTREND,8,81.47,96.59,63.87,-15.7,0.92,39.1,1.0,Consumer Cyclical,Residential Construction,4422202880,1.3,-21.2,7.2,23.8,19.1,2.0,5.1,4,2.3,4.3
453,UGI,https://www.tradingview.com/symbols/UGI/,True,True,STRONG UPTREND,8,36.94,39.6,31.0,-6.7,0.93,16.6,1.0,Utilities,Utilities - Regulated Gas,7923443712,-4.5,,9.2,12.3,11.5,1.25,5.0,4,2.3,4.3
454,EPC,https://www.tradingview.com/symbols/EPC/,True,True,STRONG UPTREND,8,27.73,29.79,15.53,-6.9,0.89,84.1,1.7,Consumer Defensive,Household & Personal Products,1278045568,1.7,-53.4,-4.2,,13.8,2.29,8.9,3,2.2,4.3
455,ENR,https://www.tradingview.com/symbols/ENR/,True,True,STRONG UPTREND,8,21.44,22.94,15.51,-6.5,0.91,44.5,1.0,Industrials,Electrical Equipment & Parts,1468289280,1.2,-72.8,2.7,18.0,6.3,,7.9,4,2.3,4.3
456,WNC,https://www.tradingview.com/symbols/WNC/,True,True,STRONG UPTREND,8,13.41,14.47,6.55,-7.3,0.98,125.1,2.5,Industrials,Farm & Heavy Construction Machinery,546285440,-9.1,,-5.5,,10.9,,6.4,2,2.5,4.3
457,RELX,https://www.tradingview.com/symbols/RELX/,True,False,UPTREND,6,35.24,38.28,30.05,-7.9,1.06,6.0,1.0,Industrials,Specialty Business Services,61234360320,2.7,24.3,23.3,21.1,16.3,1.0,3.2,7,2.7,4.3
458,HG,https://www.tradingview.com/symbols/HG/,True,True,STRONG UPTREND,8,35.1,37.31,28.43,-5.9,0.95,29.4,1.0,Financial Services,Insurance - Reinsurance,3461364736,13.0,-20.7,19.6,6.1,7.4,2.29,3.9,4,2.4,4.3
459,PKG,https://www.tradingview.com/symbols/PKG/,True,True,STRONG UPTREND,8,229.94,258.31,199.25,-11.0,0.78,30.4,1.0,Consumer Cyclical,Packaging & Containers,20487262208,14.7,-19.5,7.3,29.9,17.4,2.0,5.9,4,2.0,4.2
460,CVI,https://www.tradingview.com/symbols/CVI/,True,False,UPTREND,6,59.54,59.72,25.97,-0.3,0.75,107.9,2.2,Energy,Oil & Gas Refining & Marketing,5985591808,55.5,,0.8,87.6,17.0,4.17,5.4,6,1.9,4.2
461,DEO,https://www.tradingview.com/symbols/DEO/,True,True,STRONG UPTREND,8,86.98,97.13,75.21,-10.4,1.13,26.3,1.0,Consumer Defensive,Beverages - Wineries & Distilleries,48373501952,-1.7,,8.8,27.9,12.1,,3.3,3,2.8,4.2
462,BIO,https://www.tradingview.com/symbols/BIO/,True,True,STRONG UPTREND,8,360.4,396.23,236.73,-9.0,0.88,81.1,1.6,Healthcare,Medical Devices,9636438016,-0.1,18.7,8.6,45.7,36.3,3.0,3.8,3,2.2,4.2
463,CM,https://www.tradingview.com/symbols/CM/,True,False,UPTREND,6,108.18,124.03,99.03,-12.8,0.86,14.9,1.0,Financial Services,Banks - Diversified,98220457984,16.6,14.9,33.7,14.4,13.5,2.53,13.0,7,2.1,4.2
464,CXM,https://www.tradingview.com/symbols/CXM/,True,True,STRONG UPTREND,8,5.42,8.27,4.72,-34.5,0.64,34.0,1.0,Technology,Software - Application,1258368640,0.8,-39.5,2.7,60.2,10.1,,2.9,4,1.6,4.2
465,CMDB,https://www.tradingview.com/symbols/CMDB/,True,True,STRONG UPTREND,8,21.32,24.76,16.09,-13.9,1.02,62.7,1.3,Industrials,Marine Shipping,518107744,-28.4,,0.6,710.7,,,3.5,3,2.5,4.2
466,CRD-A,https://www.tradingview.com/symbols/CRD-A/,True,True,STRONG UPTREND,8,12.8,13.9,8.77,-7.9,0.66,57.8,1.2,Financial Services,Insurance Brokers,609174208,-0.5,76.1,1.9,27.2,11.3,2.0,9.3,4,1.7,4.2
467,BCC,https://www.tradingview.com/symbols/BCC/,True,True,STRONG UPTREND,8,74.22,88.17,64.6,-15.8,0.8,10.8,1.0,Basic Materials,Lumber & Wood Production,2589636096,5.2,-0.7,1.6,25.2,14.0,2.0,5.8,4,2.0,4.2
468,GRDN,https://www.tradingview.com/symbols/GRDN/,True,False,UPTREND,6,41.6,48.33,32.25,-13.9,0.89,24.2,1.0,Healthcare,Medical Care Facilities,2635039744,2.2,139.8,4.5,40.4,29.0,1.14,5.1,7,2.2,4.2
469,MLR,https://www.tradingview.com/symbols/MLR/,True,True,STRONG UPTREND,8,52.8,59.48,44.89,-11.2,0.7,39.8,1.0,Consumer Cyclical,Auto Parts,599395328,12.1,-13.7,1.9,42.2,19.0,,3.9,4,1.8,4.2
470,PEO,https://www.tradingview.com/symbols/PEO/,True,False,UPTREND,6,28.79,29.75,23.44,-3.2,0.66,30.1,1.0,Financial Services,Asset Management,806934016,5.0,782.7,781.7,4.9,479.8,,6.6,7,1.7,4.1
471,TGB,https://www.tradingview.com/symbols/TGB/,True,False,UPTREND,6,8.31,9.82,6.09,-15.4,0.69,49.2,1.0,Basic Materials,Copper,3041654016,184.8,-13.3,1.6,415.5,10.5,1.25,1.4,7,1.7,4.1
472,WHD,https://www.tradingview.com/symbols/WHD/,True,False,UPTREND,6,63.22,73.91,48.42,-14.5,0.66,52.4,1.0,Energy,Oil & Gas Equipment & Services,4408530944,64.3,18.9,12.0,53.1,17.3,2.22,5.3,7,1.7,4.1
473,NOMD,https://www.tradingview.com/symbols/NOMD/,True,True,STRONG UPTREND,8,11.05,12.6,8.86,-12.3,0.97,45.7,1.0,Consumer Defensive,Packaged Foods,1544692480,-3.1,-6.2,4.2,10.7,6.8,1.8,1.4,3,2.4,4.1
474,EGO,https://www.tradingview.com/symbols/EGO/,True,False,UPTREND,6,36.86,48.29,27.04,-23.7,0.99,64.7,1.3,Basic Materials,Gold,9613468672,7.9,2.2,29.8,12.8,7.0,2.0,5.0,6,2.5,4.1
475,GWRE,https://www.tradingview.com/symbols/GWRE/,True,False,UPTREND,6,164.78,207.49,102.3,-20.6,1.05,54.7,1.1,Technology,Software - Application,13510752256,15.3,-38.2,9.4,101.1,30.8,1.69,2.0,6,2.6,4.1
476,CAG,https://www.tradingview.com/symbols/CAG/,True,True,STRONG UPTREND,8,13.57,16.74,12.39,-18.9,1.29,22.2,1.0,Consumer Defensive,Packaged Foods,6478474240,-1.4,5.9,-17.0,,8.9,3.29,3.9,2,3.2,4.1
477,LCLN,https://www.tradingview.com/symbols/LCLN/,True,False,UPTREND,6,24.35,27.55,19.99,-11.6,0.75,20.2,1.0,Financial Services,Capital Markets,2561750784,50.8,,17.9,,14.1,2.29,1.6,7,1.9,4.1
478,CACI,https://www.tradingview.com/symbols/CACI/,True,False,UPTREND,6,599.4,683.39,434.7,-12.3,1.02,53.6,1.1,Technology,Information Technology Services,13246498816,17.6,-1.2,5.6,24.8,15.9,1.62,3.9,6,2.5,4.1
479,VOYA,https://www.tradingview.com/symbols/VOYA/,True,True,STRONG UPTREND,8,96.64,105.64,67.76,-8.5,1.23,66.9,1.3,Financial Services,Financial Conglomerates,8755231744,-4.3,-41.6,7.4,16.3,8.5,2.08,3.7,2,3.1,4.1
480,WFG,https://www.tradingview.com/symbols/WFG/,True,True,STRONG UPTREND,8,64.21,74.28,57.82,-13.6,0.92,21.6,1.0,Basic Materials,Lumber & Wood Production,5027888640,-6.4,,-23.0,,26.3,1.86,12.5,3,2.3,4.1
481,VRTS,https://www.tradingview.com/symbols/VRTS/,True,True,STRONG UPTREND,8,131.59,171.9,125.0,-23.4,0.97,15.3,1.0,Financial Services,Asset Management,871479744,-4.4,9.2,14.5,7.5,5.5,3.5,5.2,3,2.4,4.1
482,ETN,https://www.tradingview.com/symbols/ETN/,True,False,UPTREND,6,424.51,478.0,357.25,-11.2,0.89,13.3,1.0,Industrials,Specialty Industrial Machinery,164879695872,21.4,-15.9,12.8,43.2,26.1,1.57,4.2,6,2.2,4.0
483,RY,https://www.tradingview.com/symbols/RY/,True,False,UPTREND,6,190.56,218.11,166.56,-12.6,0.95,34.8,1.0,Financial Services,Banks - Diversified,263816937472,8.9,12.8,33.9,16.7,15.2,2.13,2.2,6,2.4,4.0
484,EG,https://www.tradingview.com/symbols/EG/,True,True,STRONG UPTREND,8,373.1,398.9,313.19,-6.5,1.03,25.7,1.0,Financial Services,Insurance - Reinsurance,14305675264,-11.3,-11.5,11.4,7.9,6.2,2.41,6.2,2,2.6,4.0
485,GFR,https://www.tradingview.com/symbols/GFR/,True,False,UPTREND,6,6.26,7.16,5.33,-12.6,1.36,11.2,1.0,Energy,Oil & Gas E&P,1504989824,21.9,-38.2,-6.4,,8.3,1.6,2.4,5,3.4,4.0
486,ARDT,https://www.tradingview.com/symbols/ARDT/,True,True,STRONG UPTREND,8,11.07,11.89,7.71,-6.9,1.07,34.0,1.0,Healthcare,Medical Care Facilities,1561378176,-1.4,-77.1,1.2,20.5,8.8,2.08,12.1,2,2.7,4.0
487,CTVA,https://www.tradingview.com/symbols/CTVA/,True,False,UPTREND,6,13.75,14.62,11.14,-6.0,2.14,9.0,1.0,Basic Materials,Agricultural Inputs,9173945344,-1.2,-9.9,7.8,8.5,12.1,1.67,4.3,3,5.4,4.0
488,HOG,https://www.tradingview.com/symbols/HOG/,True,True,STRONG UPTREND,8,26.75,28.66,20.98,-6.7,1.18,33.0,1.0,Consumer Cyclical,Recreational Vehicles,2783939584,-5.9,-15.0,4.8,14.7,13.4,2.47,11.2,2,2.9,4.0
489,FSK,https://www.tradingview.com/symbols/FSK/,True,True,STRONG UPTREND,8,10.79,12.24,9.26,-11.9,1.18,35.4,1.0,Financial Services,Asset Management,2981711616,-27.1,,-28.5,,7.2,3.0,9.1,2,2.9,4.0
490,FLR,https://www.tradingview.com/symbols/FLR/,True,True,STRONG UPTREND,8,51.01,58.35,41.6,-12.6,0.76,22.8,1.0,Industrials,Engineering & Construction,6822131200,8.8,-94.5,-12.8,,15.2,2.11,4.5,3,1.9,4.0
491,ARES,https://www.tradingview.com/symbols/ARES/,True,False,UPTREND,6,116.26,148.3,96.44,-21.6,0.95,26.6,1.0,Financial Services,Asset Management,38572269568,9.6,6.5,12.1,53.6,16.3,1.95,8.7,6,2.4,4.0
492,BMO,https://www.tradingview.com/symbols/BMO/,True,False,UPTREND,6,160.7,187.22,138.16,-14.2,1.18,35.5,1.0,Financial Services,Banks - Diversified,111701319680,12.0,-24.2,25.7,18.2,13.9,2.73,5.2,5,2.9,3.9
493,RMD,https://www.tradingview.com/symbols/RMD/,True,False,UPTREND,6,226.73,242.4,179.75,-6.5,0.71,19.1,1.0,Healthcare,Medical Instruments & Supplies,31887136768,8.6,2.4,26.9,21.7,17.1,2.3,10.6,6,1.8,3.9
494,GIS,https://www.tradingview.com/symbols/GIS/,True,True,STRONG UPTREND,8,32.59,42.2,31.18,-22.8,1.31,18.8,1.0,Consumer Defensive,Packaged Foods,17425453056,-2.8,-66.7,-4.9,,10.3,3.05,5.1,1,3.3,3.9
495,ETD,https://www.tradingview.com/symbols/ETD/,True,True,STRONG UPTREND,8,20.86,22.74,15.63,-8.3,0.86,47.0,1.0,Consumer Cyclical,"Furnishings, Fixtures & Appliances",525764128,-8.5,-3.7,6.9,13.4,16.4,,4.4,2,2.1,3.9
496,MATV,https://www.tradingview.com/symbols/MATV/,True,False,UPTREND,6,11.86,13.44,7.01,-11.7,0.77,88.9,1.8,Basic Materials,Specialty Chemicals,654554496,1.2,,4.5,7.2,9.5,,2.5,5,1.9,3.9
497,GDDY,https://www.tradingview.com/symbols/GDDY/,True,False,UPTREND,6,103.19,110.35,71.59,-6.5,0.74,39.6,1.0,Technology,Software - Infrastructure,13068776448,6.6,29.8,17.8,15.4,9.4,2.39,4.5,6,1.9,3.9
498,EOI,https://www.tradingview.com/symbols/EOI/,True,False,UPTREND,6,19.99,20.12,18.52,-0.6,0.9,9.7,1.0,Financial Services,Asset Management,819624960,-5.1,,1514.9,8.8,,1.0,1.2,5,2.2,3.8
499,ATHM,https://www.tradingview.com/symbols/ATHM/,True,True,STRONG UPTREND,8,20.37,23.57,15.03,-13.6,0.51,62.4,1.2,Communication Services,Internet Content & Information,2346031616,-31.9,-35.3,17.1,17.7,14.4,,4.0,2,1.3,3.8
500,ETSY,https://www.tradingview.com/symbols/ETSY/,True,False,UPTREND,6,75.14,87.97,52.17,-14.6,0.86,55.8,1.1,Consumer Cyclical,Internet Retail,6896480256,6.2,,7.1,22.0,10.9,2.43,3.5,5,2.1,3.8
501,BCAT,https://www.tradingview.com/symbols/BCAT/,True,False,UPTREND,6,13.63,15.85,13.27,-14.0,0.69,10.5,1.0,Financial Services,Asset Management,1448541952,,,,5.7,,,2.9,5,1.7,3.7
502,OWL,https://www.tradingview.com/symbols/OWL/,True,False,UPTREND,6,9.27,12.77,7.74,-27.4,1.15,31.7,1.0,Financial Services,Asset Management,14527541248,7.1,-14.0,2.7,77.3,9.4,2.0,5.8,4,2.9,3.7
503,ECAT,https://www.tradingview.com/symbols/ECAT/,True,False,UPTREND,6,14.11,15.38,13.03,-8.2,0.75,14.0,1.0,Financial Services,Asset Management,1403497728,,,,5.6,,,0.6,5,1.9,3.7
504,BHC,https://www.tradingview.com/symbols/BHC/,True,False,UPTREND,6,6.04,7.3,4.33,-17.3,0.66,27.6,1.0,Healthcare,Drug Manufacturers - Specialty & Generic,2258903040,12.7,70.4,-10.1,,1.4,3.0,3.1,5,1.7,3.7
505,BR,https://www.tradingview.com/symbols/BR/,True,False,UPTREND,6,165.21,185.77,133.01,-11.1,0.7,29.5,1.0,Technology,Information Technology Services,18652215296,7.5,8.4,15.0,17.2,14.3,2.33,2.6,5,1.8,3.7
506,WOR,https://www.tradingview.com/symbols/WOR/,True,False,UPTREND,6,61.22,67.54,51.15,-9.4,0.76,19.3,1.0,Industrials,Metal Fabrication,2995297792,13.2,24.3,11.5,18.5,14.5,2.25,4.4,5,1.9,3.7
507,KRO,https://www.tradingview.com/symbols/KRO/,True,False,UPTREND,6,7.82,9.12,5.74,-14.2,0.64,47.7,1.0,Basic Materials,Specialty Chemicals,900062656,12.9,,-5.6,,12.7,,2.9,4,1.6,3.5
508,BBDC,https://www.tradingview.com/symbols/BBDC/,True,False,UPTREND,6,8.53,9.27,7.78,-8.0,0.94,18.2,1.0,Financial Services,Asset Management,893149632,-12.4,-10.4,32.7,10.4,8.4,,3.3,3,2.3,3.4
509,ATKR,https://www.tradingview.com/symbols/ATKR/,True,False,UPTREND,6,94.84,94.9,64.67,-0.1,0.84,66.8,1.3,Industrials,Electrical Equipment & Parts,3203037184,8.1,-98.4,-5.5,,14.8,3.0,1.9,3,2.1,3.4
510,SIG,https://www.tradingview.com/symbols/SIG/,True,False,UPTREND,6,105.89,106.98,71.34,-1.0,0.83,28.6,1.0,Consumer Cyclical,Luxury Goods,4057412864,-0.5,,5.2,12.3,7.7,,5.6,3,2.1,3.4
511,GSBD,https://www.tradingview.com/symbols/GSBD/,True,False,UPTREND,6,8.88,10.03,8.05,-11.4,1.04,17.8,1.0,Financial Services,Asset Management,999613312,-8.0,-37.2,17.2,17.1,7.7,,8.1,2,2.6,3.3
512,REXR,https://www.tradingview.com/symbols/REXR/,True,False,UPTREND,6,37.23,39.21,31.53,-5.0,1.12,19.9,1.0,Real Estate,REIT - Industrial,8512060928,-1.6,,-39.2,,37.7,2.56,4.6,2,2.8,3.3
513,ARE,https://www.tradingview.com/symbols/ARE/,True,False,UPTREND,6,45.6,56.43,38.32,-19.2,1.14,26.0,1.0,Real Estate,REIT - Office,7847544320,-11.9,,-36.1,,-56.3,3.0,3.5,2,2.8,3.3
514,WPP,https://www.tradingview.com/symbols/WPP/,True,False,UPTREND,6,25.48,27.78,15.45,-8.3,0.79,106.3,2.1,Communication Services,Advertising Agencies,5496165376,-4.4,-57.5,-1.8,,6.8,,5.3,1,2.0,3.2
515,PRGO,https://www.tradingview.com/symbols/PRGO/,True,False,UPTREND,6,14.5,15.69,9.21,-7.6,0.78,71.3,1.4,Healthcare,Drug Manufacturers - Specialty & Generic,2006332800,-3.2,,-41.9,,6.0,,9.2,2,2.0,3.2
516,NVRI,https://www.tradingview.com/symbols/NVRI/,True,False,UPTREND,6,19.79,24.2,15.51,-18.2,0.6,20.2,1.0,Industrials,Waste Management,557882496,-66.7,,-24.4,,-18.6,,10.4,2,1.5,3.0
